,irs_decay_mort1,irs_decay_mort2,irs_decay_succ1,irs_decay_succ2,irs_decay_det1,irs_decay_det2
1,2.012308499,-0.008879636,-2.197057718,0.008616593,-1.230944958,-0.008879636
2,2.064878141,-0.008818735,-2.240256583,0.008341648,-1.199043919,-0.008818735
3,1.984886675,-0.008992664,-2.214965923,0.008646222,-1.235654786,-0.008992664
4,2.032198768,-0.008706177,-2.221860943,0.008558081,-1.230499451,-0.008706177
5,2.019856719,-0.008801341,-2.217024916,0.008490254,-1.222413747,-0.008801341
6,2.018716818,-0.008829667,-2.215518758,0.008491131,-1.226263093,-0.008829667
7,1.99357796,-0.008954635,-2.241455573,0.00842196,-1.255713027,-0.008954635
8,2.008298397,-0.009152599,-2.204446972,0.008521211,-1.245955845,-0.009152599
9,2.007211486,-0.009073618,-2.217209089,0.008677713,-1.236234244,-0.009073618
10,2.032180292,-0.009008782,-2.17482393,0.008526884,-1.233354457,-0.009008782
11,2.006174054,-0.008882009,-2.201354768,0.008478065,-1.218902949,-0.008882009
12,2.044761982,-0.009003093,-2.211825455,0.008491341,-1.231547759,-0.009003093
13,2.05019032,-0.008789063,-2.260890684,0.008371892,-1.227274309,-0.008789063
14,2.018447572,-0.00870566,-2.233817361,0.008456241,-1.263962901,-0.00870566
15,2.021964855,-0.008705032,-2.217885957,0.008390532,-1.232836577,-0.008705032
16,2.005723772,-0.008760758,-2.206340931,0.008474942,-1.220888455,-0.008760758
17,2.047712758,-0.008681785,-2.220311275,0.008415359,-1.213014478,-0.008681785
18,2.006869055,-0.008761669,-2.232299936,0.008411768,-1.228615968,-0.008761669
19,2.029167976,-0.0089828,-2.219568589,0.00839056,-1.2204046,-0.0089828
20,2.033096529,-0.008826642,-2.187584137,0.008404944,-1.219960364,-0.008826642
21,2.04784487,-0.008938727,-2.21211801,0.008490635,-1.231456403,-0.008938727
22,2.011088212,-0.008829074,-2.201237936,0.008499499,-1.231055838,-0.008829074
23,2.034783388,-0.008805515,-2.233873031,0.008258811,-1.245751344,-0.008805515
24,2.040701206,-0.008982467,-2.226222779,0.008459139,-1.225849047,-0.008982467
25,2.012685978,-0.008801632,-2.238039001,0.008608988,-1.221777883,-0.008801632
26,2.063105587,-0.008913518,-2.212350542,0.008484062,-1.224028516,-0.008913518
27,2.003076122,-0.008952934,-2.232078472,0.008659291,-1.246630398,-0.008952934
28,2.043447023,-0.008822802,-2.224366355,0.008593634,-1.265796525,-0.008822802
29,2.015174336,-0.008764725,-2.222951705,0.008452311,-1.221619925,-0.008764725
30,2.043768434,-0.008815787,-2.198655148,0.008348887,-1.254196721,-0.008815787
31,2.050952326,-0.008979715,-2.21188004,0.008477691,-1.238347622,-0.008979715
32,2.044104632,-0.008909913,-2.188005934,0.00841703,-1.210275848,-0.008909913
33,2.002158956,-0.008936113,-2.21691634,0.008540547,-1.204005174,-0.008936113
34,2.022997773,-0.008829,-2.209862929,0.008395675,-1.233666911,-0.008829
35,2.032211136,-0.008916217,-2.214370883,0.008368548,-1.240813226,-0.008916217
36,2.049336425,-0.008978822,-2.23069968,0.008459705,-1.2272771,-0.008978822
37,2.048246091,-0.008927096,-2.194463498,0.008318139,-1.235284226,-0.008927096
38,2.043700576,-0.008835433,-2.217940041,0.008575961,-1.24721075,-0.008835433
39,1.992180861,-0.008873387,-2.23572801,0.008485947,-1.230377182,-0.008873387
40,2.010702475,-0.008903728,-2.227738305,0.008519891,-1.249473093,-0.008903728
41,2.022180404,-0.008916856,-2.22177551,0.008341342,-1.245633982,-0.008916856
42,2.034632068,-0.008933011,-2.229762365,0.00858034,-1.228460941,-0.008933011
43,2.009588129,-0.00874643,-2.205294977,0.00851278,-1.213033021,-0.00874643
44,2.05922309,-0.008900866,-2.210655545,0.008471439,-1.228837684,-0.008900866
45,2.023318723,-0.008839122,-2.22449687,0.008504826,-1.241048773,-0.008839122
46,2.045109258,-0.008891449,-2.257473766,0.008414187,-1.219678768,-0.008891449
47,2.048982224,-0.009019442,-2.201719094,0.008467652,-1.236589577,-0.009019442
48,2.008128469,-0.008785677,-2.249075285,0.008467625,-1.21376295,-0.008785677
49,2.01610328,-0.008859901,-2.233291155,0.008412024,-1.253915605,-0.008859901
50,1.987437211,-0.00903542,-2.211621309,0.008561334,-1.23462555,-0.00903542
51,2.048020403,-0.008854126,-2.216227049,0.008472054,-1.227969458,-0.008854126
52,2.02214728,-0.008805159,-2.211215443,0.00849505,-1.22178314,-0.008805159
53,2.039965882,-0.008796439,-2.241135227,0.008434803,-1.222839418,-0.008796439
54,2.025292867,-0.008882497,-2.22423323,0.008520549,-1.2278434,-0.008882497
55,2.016070781,-0.008867048,-2.248041829,0.008484723,-1.244385822,-0.008867048
56,2.026172559,-0.008802198,-2.240096054,0.008481699,-1.244993737,-0.008802198
57,1.999374777,-0.008926182,-2.185723622,0.008373819,-1.226362691,-0.008926182
58,1.988981087,-0.008940641,-2.223349452,0.008523696,-1.241252841,-0.008940641
59,1.973661952,-0.008936866,-2.227501742,0.008563212,-1.215208111,-0.008936866
60,2.020558741,-0.009034125,-2.209188474,0.008352622,-1.231940392,-0.009034125
61,2.024126412,-0.008876072,-2.23988138,0.008479948,-1.240899566,-0.008876072
62,2.022175661,-0.009008978,-2.218810349,0.008523509,-1.209813549,-0.009008978
63,2.02297026,-0.008749566,-2.245367879,0.008519,-1.246571983,-0.008749566
64,2.033744059,-0.008915454,-2.24375046,0.008448765,-1.212457503,-0.008915454
65,1.99463186,-0.008831746,-2.223518488,0.008442139,-1.244129592,-0.008831746
66,2.037354379,-0.008720027,-2.219535258,0.008461904,-1.248425148,-0.008720027
67,2.039996693,-0.008707644,-2.265359587,0.008560077,-1.250260142,-0.008707644
68,2.043552333,-0.008968239,-2.254598029,0.008430854,-1.238680929,-0.008968239
69,2.0148757,-0.008626061,-2.220944704,0.008458179,-1.242352985,-0.008626061
70,2.044897694,-0.008863385,-2.219931746,0.008496753,-1.206997099,-0.008863385
71,2.014884206,-0.008783739,-2.211501043,0.008292125,-1.265684605,-0.008783739
72,2.022829991,-0.008932658,-2.194184823,0.008467554,-1.234491665,-0.008932658
73,2.028350148,-0.008901887,-2.26219033,0.008490842,-1.24330059,-0.008901887
74,2.034639698,-0.008848829,-2.23206544,0.008298199,-1.242757684,-0.008848829
75,2.031406325,-0.008771902,-2.207954353,0.008506471,-1.229398166,-0.008771902
76,2.044673893,-0.008704371,-2.23512775,0.008588181,-1.222245019,-0.008704371
77,2.036010918,-0.008928239,-2.237535826,0.008636855,-1.218387772,-0.008928239
78,2.015541632,-0.008793775,-2.213076081,0.008514312,-1.2237137,-0.008793775
79,2.002437231,-0.008819007,-2.236305783,0.008360081,-1.229384655,-0.008819007
80,2.036035157,-0.008880156,-2.206513373,0.008522619,-1.226895194,-0.008880156
81,2.015560417,-0.008804638,-2.255175616,0.008449811,-1.218610798,-0.008804638
82,2.010373528,-0.008735997,-2.191399527,0.008623265,-1.22297746,-0.008735997
83,2.008609935,-0.008899072,-2.225832201,0.008489924,-1.227348974,-0.008899072
84,2.052448569,-0.008918574,-2.221186452,0.008553429,-1.218816118,-0.008918574
85,2.032027944,-0.008876031,-2.214348951,0.00856314,-1.248865706,-0.008876031
86,2.045070614,-0.008847015,-2.234644823,0.008354807,-1.208187622,-0.008847015
87,2.02827442,-0.008929256,-2.239366151,0.008529208,-1.237979534,-0.008929256
88,2.062816857,-0.008959075,-2.229277923,0.008487885,-1.254479315,-0.008959075
89,2.021526797,-0.008806483,-2.19769241,0.008473057,-1.22830437,-0.008806483
90,1.985148238,-0.008881906,-2.242065819,0.008482982,-1.229304925,-0.008881906
91,2.027546625,-0.00888896,-2.188190377,0.008551629,-1.218405566,-0.00888896
92,2.023534888,-0.008900494,-2.20137535,0.008461062,-1.209078846,-0.008900494
93,2.004903969,-0.008823818,-2.163779946,0.008363114,-1.216894441,-0.008823818
94,2.00890075,-0.008950772,-2.204923704,0.008407858,-1.223941099,-0.008950772
95,2.020784294,-0.008803933,-2.233566219,0.008292032,-1.230342424,-0.008803933
96,2.015591291,-0.008930992,-2.209914435,0.008552971,-1.243884308,-0.008930992
97,2.039012153,-0.00889416,-2.195570906,0.008371764,-1.23550508,-0.00889416
98,2.031240061,-0.008935849,-2.179541923,0.00843821,-1.236950119,-0.008935849
99,2.027695101,-0.008769469,-2.197327528,0.008471925,-1.222407527,-0.008769469
100,2.009136976,-0.008841999,-2.231724898,0.008331261,-1.238059235,-0.008841999
101,2.047154189,-0.009004453,-2.232517549,0.008314602,-1.249377104,-0.009004453
102,2.044653332,-0.008927371,-2.187427911,0.00851664,-1.209164412,-0.008927371
103,2.024422104,-0.008892251,-2.230841602,0.008476775,-1.227635983,-0.008892251
104,2.036537224,-0.008824927,-2.21275222,0.008367903,-1.231437857,-0.008824927
105,2.004481392,-0.008826293,-2.211994492,0.008403551,-1.248938681,-0.008826293
106,2.024632698,-0.008871104,-2.229640835,0.008466148,-1.242787189,-0.008871104
107,1.989246996,-0.008829111,-2.197086535,0.008415903,-1.233318945,-0.008829111
108,2.031436812,-0.00897051,-2.198807633,0.008423874,-1.240772171,-0.00897051
109,2.032110944,-0.008758947,-2.200921169,0.008454173,-1.22423524,-0.008758947
110,1.971597353,-0.008847437,-2.22562966,0.008347613,-1.236919384,-0.008847437
111,2.02910304,-0.009009978,-2.241554472,0.008321196,-1.225617372,-0.009009978
112,2.027265104,-0.009069717,-2.232812692,0.008502282,-1.239113414,-0.009069717
113,2.016846399,-0.008748128,-2.258907857,0.008304193,-1.232237393,-0.008748128
114,2.016880823,-0.008986456,-2.227123698,0.008369369,-1.217286053,-0.008986456
115,2.014228978,-0.008898459,-2.236470294,0.008477958,-1.215815348,-0.008898459
116,2.005281271,-0.00878623,-2.221721883,0.008585526,-1.233694237,-0.00878623
117,2.01429143,-0.009070401,-2.229137019,0.00823891,-1.23579672,-0.009070401
118,2.038801063,-0.008674145,-2.250535487,0.008373482,-1.226131619,-0.008674145
119,2.040817038,-0.008916576,-2.210933459,0.008627123,-1.237536568,-0.008916576
120,2.014952676,-0.008795538,-2.203259052,0.008323767,-1.230849646,-0.008795538
121,2.021169081,-0.008887905,-2.251712691,0.008304984,-1.242144117,-0.008887905
122,2.032515274,-0.008905046,-2.282575271,0.008286304,-1.240573608,-0.008905046
123,2.018391391,-0.008937188,-2.214183741,0.008361958,-1.213053299,-0.008937188
124,2.038797433,-0.008832979,-2.239708931,0.008393514,-1.220637153,-0.008832979
125,2.043129055,-0.008826861,-2.209616448,0.008563902,-1.221591824,-0.008826861
126,2.020753883,-0.008793554,-2.201458524,0.008481125,-1.226508822,-0.008793554
127,2.002477945,-0.008990246,-2.240185138,0.008428844,-1.204213096,-0.008990246
128,2.08652861,-0.008892992,-2.242678979,0.008572057,-1.219088538,-0.008892992
129,2.033763017,-0.008852404,-2.244756908,0.008365242,-1.238183579,-0.008852404
130,2.033519703,-0.008826164,-2.224824335,0.008299533,-1.24547161,-0.008826164
131,2.008559662,-0.00893605,-2.211730672,0.00838909,-1.219196873,-0.00893605
132,2.027306416,-0.009058245,-2.227404175,0.008469464,-1.214744263,-0.009058245
133,2.058043839,-0.009005957,-2.192177017,0.008574079,-1.231757437,-0.009005957
134,2.023026769,-0.008798023,-2.236576303,0.008425154,-1.222500032,-0.008798023
135,2.035292326,-0.008652722,-2.227524575,0.008508129,-1.224504637,-0.008652722
136,2.05722778,-0.008930031,-2.187383132,0.008522836,-1.233280803,-0.008930031
137,2.035302969,-0.008824475,-2.204828585,0.008347506,-1.240210188,-0.008824475
138,2.012700591,-0.008727057,-2.23150287,0.008478954,-1.231452734,-0.008727057
139,2.003674963,-0.008789638,-2.273418652,0.00856259,-1.23707154,-0.008789638
140,2.009891214,-0.008907954,-2.23134132,0.008571449,-1.236944484,-0.008907954
141,2.027219175,-0.008914582,-2.247824349,0.008534445,-1.245336181,-0.008914582
142,2.056116009,-0.00897201,-2.232731324,0.008502001,-1.241701232,-0.00897201
143,2.037448087,-0.00889675,-2.241660546,0.008435822,-1.23123199,-0.00889675
144,2.025958393,-0.008709534,-2.236455271,0.0085715,-1.233116203,-0.008709534
145,2.018669043,-0.008913089,-2.208338323,0.008469245,-1.224296919,-0.008913089
146,2.027171124,-0.008867336,-2.235506928,0.008523411,-1.232409479,-0.008867336
147,2.030687764,-0.008983695,-2.211112195,0.00847429,-1.203949273,-0.008983695
148,2.056736986,-0.008798371,-2.203431211,0.008457896,-1.220117531,-0.008798371
149,2.00178447,-0.00894643,-2.199668184,0.008506126,-1.238547605,-0.00894643
150,2.009461091,-0.008883061,-2.220534677,0.008415167,-1.247894754,-0.008883061
151,2.021767063,-0.0090199,-2.206649259,0.00843247,-1.231035167,-0.0090199
152,2.00641687,-0.008889946,-2.249112129,0.008339492,-1.231388097,-0.008889946
153,2.003831532,-0.008902215,-2.26341559,0.008603644,-1.225874236,-0.008902215
154,2.032606791,-0.008882118,-2.239974449,0.008611126,-1.227931523,-0.008882118
155,2.016853539,-0.008869773,-2.205077228,0.008492277,-1.229613415,-0.008869773
156,2.017454699,-0.008839777,-2.235626835,0.008505432,-1.211057689,-0.008839777
157,2.055741051,-0.008711907,-2.237426896,0.008355839,-1.236058807,-0.008711907
158,1.987246733,-0.008910742,-2.179570946,0.008441566,-1.218786982,-0.008910742
159,2.037236853,-0.008916592,-2.221151688,0.008451714,-1.212418276,-0.008916592
160,2.031611157,-0.008845991,-2.188648204,0.008577945,-1.246868718,-0.008845991
161,2.026273208,-0.00882033,-2.184999426,0.008487468,-1.225159632,-0.00882033
162,2.003789258,-0.00884253,-2.204383717,0.0086118,-1.235238671,-0.00884253
163,2.053627793,-0.008929905,-2.205353234,0.008435509,-1.261856245,-0.008929905
164,2.021154232,-0.008785501,-2.251743273,0.00839605,-1.236689771,-0.008785501
165,2.025432526,-0.008758654,-2.214540497,0.008347147,-1.223393755,-0.008758654
166,2.017084629,-0.008911008,-2.19785688,0.008565931,-1.213256145,-0.008911008
167,1.977734084,-0.008906915,-2.208817405,0.00847484,-1.239826136,-0.008906915
168,2.010740877,-0.008868244,-2.23727481,0.008532515,-1.237856692,-0.008868244
169,2.017304379,-0.00891845,-2.197476495,0.00844071,-1.242747233,-0.00891845
170,2.005551436,-0.00878822,-2.249790315,0.008425787,-1.22364114,-0.00878822
171,2.032737875,-0.008903921,-2.205520467,0.008624499,-1.237580786,-0.008903921
172,2.038256601,-0.008664967,-2.208208646,0.008340854,-1.236379637,-0.008664967
173,1.996397892,-0.008847157,-2.228727823,0.008450944,-1.245563677,-0.008847157
174,2.003404975,-0.008782026,-2.208628474,0.008487,-1.223849467,-0.008782026
175,2.018737608,-0.008955742,-2.222271991,0.008639557,-1.210774791,-0.008955742
176,2.030858682,-0.008930636,-2.229479673,0.008743927,-1.221974042,-0.008930636
177,2.017756533,-0.008817399,-2.258733072,0.008457149,-1.214486859,-0.008817399
178,2.015997837,-0.009048226,-2.256772224,0.008599924,-1.224417875,-0.009048226
179,2.015996239,-0.008930218,-2.221144236,0.008496905,-1.231925165,-0.008930218
180,2.013459824,-0.008781906,-2.226273751,0.008576467,-1.226443661,-0.008781906
181,2.037378275,-0.008741071,-2.231986734,0.008467509,-1.197511623,-0.008741071
182,2.044830945,-0.008895,-2.232416985,0.008379572,-1.228473844,-0.008895
183,2.033316351,-0.008885446,-2.224110166,0.008565497,-1.244374156,-0.008885446
184,2.004240759,-0.008903057,-2.189950855,0.00844319,-1.219703762,-0.008903057
185,2.018817569,-0.008884614,-2.222919661,0.008387375,-1.224145853,-0.008884614
186,2.063275835,-0.008973742,-2.21020858,0.008533811,-1.208004326,-0.008973742
187,2.015496507,-0.008872553,-2.192857699,0.008497409,-1.225186505,-0.008872553
188,2.008076186,-0.008839141,-2.218304159,0.00846942,-1.210342765,-0.008839141
189,2.046097663,-0.008931324,-2.263599477,0.008533972,-1.229516501,-0.008931324
190,2.024765283,-0.008966863,-2.21734929,0.008461473,-1.225545426,-0.008966863
191,2.047419346,-0.008821793,-2.202741857,0.008557042,-1.237763455,-0.008821793
192,2.047628002,-0.008849485,-2.21765987,0.008444249,-1.216845598,-0.008849485
193,2.051924996,-0.008945692,-2.20471293,0.008445723,-1.241691433,-0.008945692
194,2.032705271,-0.00896324,-2.214090857,0.008479154,-1.246612815,-0.00896324
195,2.039154202,-0.008928244,-2.202723624,0.008603209,-1.212119166,-0.008928244
196,2.027512941,-0.008969306,-2.211423441,0.008593474,-1.239400058,-0.008969306
197,2.032051631,-0.008977367,-2.219024943,0.008482475,-1.238772934,-0.008977367
198,2.0423639,-0.00884506,-2.225199572,0.008444012,-1.260576031,-0.00884506
199,2.032225813,-0.009051909,-2.216634843,0.008379503,-1.242338889,-0.009051909
200,1.99637234,-0.008944299,-2.196850734,0.008433786,-1.232124838,-0.008944299
201,2.016711731,-0.008960158,-2.250255244,0.008525872,-1.209350645,-0.008960158
202,2.021703288,-0.009193045,-2.234493396,0.008370566,-1.217972649,-0.009193045
203,2.029594538,-0.008934837,-2.205807076,0.008519876,-1.243089255,-0.008934837
204,2.025387325,-0.00888943,-2.177527218,0.008496607,-1.240479406,-0.00888943
205,2.033670914,-0.008906251,-2.260405169,0.008515718,-1.219268625,-0.008906251
206,2.057430822,-0.008675402,-2.197786614,0.008414503,-1.219472053,-0.008675402
207,2.02947024,-0.008925704,-2.255817896,0.00844084,-1.217109532,-0.008925704
208,2.060249028,-0.008952284,-2.18742645,0.008441114,-1.235173609,-0.008952284
209,1.997208164,-0.008872399,-2.221404292,0.008451593,-1.212516965,-0.008872399
210,2.014032774,-0.008837973,-2.199761479,0.008631929,-1.20648788,-0.008837973
211,2.010280024,-0.008970546,-2.22831525,0.008371048,-1.236244345,-0.008970546
212,2.053594389,-0.008833998,-2.240069771,0.008538344,-1.230852178,-0.008833998
213,2.036607564,-0.008950116,-2.229146037,0.00853459,-1.224634439,-0.008950116
214,2.013843239,-0.008771739,-2.221056144,0.008349827,-1.240402312,-0.008771739
215,2.028157065,-0.008818253,-2.219360837,0.008568715,-1.237522008,-0.008818253
216,2.058237149,-0.008764119,-2.234757034,0.008618093,-1.232978958,-0.008764119
217,2.015560924,-0.008754163,-2.268206676,0.008326099,-1.254333975,-0.008754163
218,2.049113211,-0.008894941,-2.243818269,0.008428198,-1.217925085,-0.008894941
219,2.019447173,-0.008763657,-2.203934537,0.008556903,-1.249894831,-0.008763657
220,1.9850148,-0.008878832,-2.204678539,0.008507965,-1.214381492,-0.008878832
221,2.062109181,-0.008813007,-2.209848772,0.008446103,-1.22358129,-0.008813007
222,2.015318711,-0.008934527,-2.207741977,0.008423641,-1.236646125,-0.008934527
223,2.027621819,-0.008865973,-2.220651297,0.008536858,-1.269659317,-0.008865973
224,2.021030073,-0.009116305,-2.210357122,0.0083872,-1.22284711,-0.009116305
225,2.052336974,-0.008893892,-2.223853907,0.008447201,-1.250014145,-0.008893892
226,2.030510067,-0.008816768,-2.197423418,0.008464377,-1.219047952,-0.008816768
227,2.028356327,-0.008874638,-2.219941785,0.008515312,-1.238460989,-0.008874638
228,2.009370709,-0.008898544,-2.194795065,0.008491317,-1.228108024,-0.008898544
229,2.069975533,-0.008941751,-2.215634602,0.008403303,-1.237385686,-0.008941751
230,2.031568551,-0.008906977,-2.219075324,0.008512721,-1.219350428,-0.008906977
231,2.002472082,-0.008915492,-2.244203193,0.00832304,-1.24509097,-0.008915492
232,2.014305369,-0.008825665,-2.231983472,0.008346902,-1.244264633,-0.008825665
233,2.041164661,-0.008896677,-2.240000256,0.008400527,-1.240120041,-0.008896677
234,2.028741948,-0.008866278,-2.219279372,0.008551783,-1.248895897,-0.008866278
235,2.006690641,-0.008969104,-2.24569674,0.008334954,-1.249574723,-0.008969104
236,2.013293378,-0.008929362,-2.215474674,0.008565984,-1.220877549,-0.008929362
237,2.011552798,-0.008921079,-2.236827788,0.008414957,-1.230256569,-0.008921079
238,2.002568674,-0.008875544,-2.240115749,0.008354273,-1.253106084,-0.008875544
239,2.057629094,-0.008789866,-2.25262608,0.008473724,-1.215791449,-0.008789866
240,2.024330428,-0.008905255,-2.210525777,0.008506285,-1.248853115,-0.008905255
241,2.035127379,-0.008879088,-2.206146206,0.008446529,-1.236123114,-0.008879088
242,2.012477102,-0.008782421,-2.206308061,0.008390329,-1.223745451,-0.008782421
243,2.013216381,-0.008945856,-2.254409408,0.0083391,-1.223912904,-0.008945856
244,2.043590394,-0.008986371,-2.192438331,0.008569311,-1.232194238,-0.008986371
245,1.999858295,-0.008832811,-2.20126838,0.008423421,-1.209246119,-0.008832811
246,2.005473341,-0.008860744,-2.233775829,0.008397931,-1.232539155,-0.008860744
247,2.027458172,-0.008907369,-2.226336961,0.00846458,-1.22910508,-0.008907369
248,2.034493115,-0.008959274,-2.230353831,0.008454893,-1.248124006,-0.008959274
249,2.015857879,-0.008751807,-2.238067371,0.008515992,-1.230340025,-0.008751807
250,2.009365302,-0.008815068,-2.236340188,0.008456778,-1.233824021,-0.008815068
251,1.985016601,-0.008864485,-2.190366411,0.008437407,-1.234031397,-0.008864485
252,2.010926771,-0.008745327,-2.250030182,0.008492115,-1.227993372,-0.008745327
253,2.041464505,-0.008988573,-2.189449258,0.008453215,-1.23848608,-0.008988573
254,2.060349174,-0.008835384,-2.247851467,0.008474993,-1.245058575,-0.008835384
255,2.034877142,-0.008953127,-2.230160835,0.008434884,-1.2345022,-0.008953127
256,2.062839661,-0.008992573,-2.201130821,0.008424443,-1.244059241,-0.008992573
257,2.012279086,-0.008877226,-2.246780839,0.008443584,-1.228244415,-0.008877226
258,2.043784072,-0.009033116,-2.208284207,0.008474688,-1.226300319,-0.009033116
259,2.008340838,-0.008862046,-2.19727805,0.008520128,-1.232107226,-0.008862046
260,2.029228826,-0.008855052,-2.21004943,0.008579415,-1.229449849,-0.008855052
261,1.989444072,-0.008838282,-2.250125393,0.008328048,-1.23137769,-0.008838282
262,2.031764986,-0.009081456,-2.211135944,0.008589378,-1.236725768,-0.009081456
263,2.024323873,-0.008874015,-2.195441325,0.008646564,-1.242076511,-0.008874015
264,2.022384514,-0.009138728,-2.243631064,0.008554545,-1.209981305,-0.009138728
265,2.060018434,-0.008906683,-2.197928735,0.008598224,-1.210736669,-0.008906683
266,2.019345306,-0.008889646,-2.201704484,0.0084736,-1.226936974,-0.008889646
267,2.011556626,-0.008902301,-2.203952943,0.008406936,-1.20806306,-0.008902301
268,2.041068786,-0.008879726,-2.222661895,0.008544769,-1.231227733,-0.008879726
269,2.048018974,-0.008937653,-2.219485616,0.008509348,-1.218869225,-0.008937653
270,1.988368906,-0.008936608,-2.224595371,0.008567613,-1.245737085,-0.008936608
271,2.043898052,-0.008788266,-2.240070252,0.008358074,-1.246123321,-0.008788266
272,2.041228267,-0.0088782,-2.212453147,0.008483415,-1.206247181,-0.0088782
273,2.001024139,-0.008926899,-2.23806002,0.008435727,-1.239947107,-0.008926899
274,1.970052338,-0.008867495,-2.247926102,0.008344315,-1.249518183,-0.008867495
275,2.001126985,-0.00890022,-2.218784432,0.008466082,-1.235450303,-0.00890022
276,2.043651051,-0.008978653,-2.212036152,0.008452665,-1.217191311,-0.008978653
277,2.068662787,-0.009150591,-2.239030188,0.008402122,-1.249592488,-0.009150591
278,2.007358574,-0.009033959,-2.221849242,0.008540753,-1.224349931,-0.009033959
279,2.065803158,-0.008914634,-2.251635449,0.008585642,-1.222927896,-0.008914634
280,2.033433902,-0.008674115,-2.24694493,0.008541579,-1.247530911,-0.008674115
281,2.041553752,-0.009018539,-2.219177543,0.008381389,-1.251416619,-0.009018539
282,2.013825019,-0.008989728,-2.222227423,0.00848943,-1.230469322,-0.008989728
283,1.976531618,-0.008920635,-2.259068048,0.008575232,-1.23246821,-0.008920635
284,2.046274673,-0.008850828,-2.21278986,0.008626378,-1.208243471,-0.008850828
285,2.052655669,-0.008914839,-2.234301255,0.008521747,-1.231601814,-0.008914839
286,2.032553616,-0.008970992,-2.258975026,0.008533402,-1.2225667,-0.008970992
287,2.022180613,-0.008893016,-2.201235221,0.00840742,-1.231784607,-0.008893016
288,2.038853339,-0.008914333,-2.179512994,0.008455186,-1.243121038,-0.008914333
289,2.029847195,-0.00892154,-2.201495862,0.008284008,-1.212826546,-0.00892154
290,2.023414657,-0.00895197,-2.235164281,0.008430935,-1.221283168,-0.00895197
291,2.045773756,-0.008631147,-2.202327386,0.008636564,-1.21753403,-0.008631147
292,2.029834029,-0.008951346,-2.211385154,0.008457701,-1.221652139,-0.008951346
293,2.07184247,-0.008890743,-2.223788742,0.008458516,-1.249016978,-0.008890743
294,2.045247308,-0.00895333,-2.225352285,0.008446983,-1.231113559,-0.00895333
295,1.996261452,-0.00881868,-2.186353449,0.00858967,-1.245802227,-0.00881868
296,2.037108508,-0.009010328,-2.210959061,0.008460497,-1.25603466,-0.009010328
297,2.0415906,-0.008845148,-2.215426297,0.00849844,-1.229590424,-0.008845148
298,2.031965344,-0.00893022,-2.195635678,0.008431448,-1.241331585,-0.00893022
299,1.999077483,-0.008863447,-2.242500478,0.008464773,-1.214839549,-0.008863447
300,2.047119352,-0.008764295,-2.227919483,0.008537714,-1.24319669,-0.008764295
301,1.989790968,-0.009032248,-2.192031003,0.008538576,-1.239564631,-0.009032248
302,2.038983414,-0.008896528,-2.221285529,0.008357137,-1.23122571,-0.008896528
303,2.001524148,-0.00891788,-2.2068024,0.008456301,-1.215869855,-0.00891788
304,2.025340688,-0.009059636,-2.200541019,0.00821826,-1.251190817,-0.009059636
305,2.029484431,-0.009011789,-2.275900509,0.008500056,-1.221534404,-0.009011789
306,2.00118155,-0.008992803,-2.220283051,0.008447155,-1.222555977,-0.008992803
307,1.986576406,-0.008845759,-2.231507396,0.008534049,-1.238360361,-0.008845759
308,2.014619555,-0.0089983,-2.209576739,0.008616966,-1.213770973,-0.0089983
309,1.983510579,-0.008854524,-2.205217198,0.008516172,-1.22404703,-0.008854524
310,2.028188847,-0.008897038,-2.24905931,0.008417117,-1.23058446,-0.008897038
311,2.046094539,-0.008850275,-2.243078429,0.008464711,-1.253924848,-0.008850275
312,2.012418105,-0.00894895,-2.24905931,0.008528729,-1.22594339,-0.00894895
313,2.01147541,-0.008938128,-2.208825042,0.008536871,-1.233236681,-0.008938128
314,2.034456168,-0.008908658,-2.247045324,0.008333983,-1.254197229,-0.008908658
315,1.99408973,-0.008869465,-2.189282085,0.008426942,-1.206356332,-0.008869465
316,2.038000174,-0.00888182,-2.215389362,0.008507375,-1.246714659,-0.00888182
317,2.017827836,-0.008920358,-2.252677983,0.008470689,-1.224166427,-0.008920358
318,2.004026734,-0.008871621,-2.232850662,0.008504619,-1.222316648,-0.008871621
319,2.030524589,-0.008979849,-2.232564867,0.008446447,-1.221323471,-0.008979849
320,2.008541576,-0.008963334,-2.202474675,0.008399073,-1.232548229,-0.008963334
321,1.986722767,-0.008924958,-2.224372487,0.008463254,-1.232375403,-0.008924958
322,2.07186438,-0.008920124,-2.242495383,0.008468098,-1.24565778,-0.008920124
323,2.017343092,-0.008910416,-2.242563803,0.00842401,-1.218619567,-0.008910416
324,2.049268729,-0.008958542,-2.220649245,0.008544664,-1.230118822,-0.008958542
325,1.988131903,-0.008815331,-2.213143081,0.008407486,-1.230425022,-0.008815331
326,2.002661418,-0.008917983,-2.234366985,0.008526104,-1.241988293,-0.008917983
327,2.002209196,-0.008997694,-2.225715744,0.008418882,-1.237645087,-0.008997694
328,2.035577348,-0.008771113,-2.200378728,0.008490799,-1.23698741,-0.008771113
329,1.985657279,-0.008990495,-2.21964811,0.008463201,-1.254802925,-0.008990495
330,2.014125123,-0.008945686,-2.213217947,0.008474174,-1.239087406,-0.008945686
331,2.01435912,-0.009011609,-2.238913059,0.008526735,-1.215346647,-0.009011609
332,2.062734697,-0.008921646,-2.212018814,0.008437318,-1.24114612,-0.008921646
333,2.050299512,-0.008872274,-2.204284374,0.008281672,-1.228555755,-0.008872274
334,2.007127044,-0.008812151,-2.246105006,0.008468027,-1.246184111,-0.008812151
335,2.058825607,-0.008989614,-2.210389569,0.008781743,-1.250021554,-0.008989614
336,2.020093785,-0.009017288,-2.234225898,0.008461993,-1.228301629,-0.009017288
337,2.07983155,-0.00879338,-2.220969442,0.008511351,-1.224477498,-0.00879338
338,2.012676323,-0.009025552,-2.231862953,0.00851623,-1.21346415,-0.009025552
339,2.041846853,-0.008976078,-2.224182837,0.008361619,-1.224848661,-0.008976078
340,2.020409631,-0.008897342,-2.244931417,0.008396902,-1.254318155,-0.008897342
341,1.99386513,-0.008995095,-2.222498019,0.008510703,-1.232660748,-0.008995095
342,1.99328293,-0.008879486,-2.229143988,0.008559281,-1.20851248,-0.008879486
343,2.06486748,-0.008855909,-2.214311871,0.008456036,-1.215266322,-0.008855909
344,2.049874859,-0.008866119,-2.214317178,0.008554149,-1.256662422,-0.008866119
345,2.028927679,-0.008862292,-2.251586763,0.008459043,-1.23138428,-0.008862292
346,2.015522265,-0.009074587,-2.22539717,0.008404752,-1.22775625,-0.009074587
347,2.026135339,-0.008889345,-2.197210649,0.008568866,-1.236295341,-0.008889345
348,2.015110308,-0.008899762,-2.223346409,0.00840861,-1.256883055,-0.008899762
349,1.993002118,-0.008908581,-2.23052604,0.008450664,-1.224316142,-0.008908581
350,2.019619013,-0.009014424,-2.219927733,0.008432313,-1.233159271,-0.009014424
351,2.018907393,-0.00882245,-2.265004597,0.008524802,-1.239779495,-0.00882245
352,2.000203163,-0.008826874,-2.238926694,0.008444971,-1.230918145,-0.008826874
353,2.043033218,-0.008910835,-2.241037158,0.008308681,-1.239924206,-0.008910835
354,2.0651625,-0.009016988,-2.214470603,0.008488917,-1.238204649,-0.009016988
355,2.011131537,-0.008846839,-2.233091849,0.008440174,-1.212646689,-0.008846839
356,2.02273722,-0.00881962,-2.171074571,0.00859524,-1.240663378,-0.00881962
357,1.99916531,-0.008898124,-2.238045517,0.008497519,-1.240664926,-0.008898124
358,2.041197033,-0.00895146,-2.183443992,0.008512187,-1.225702472,-0.00895146
359,2.032827884,-0.008942917,-2.225810978,0.00860257,-1.226359296,-0.008942917
360,2.010129656,-0.008859365,-2.227686808,0.008603553,-1.214075671,-0.008859365
361,2.031001143,-0.008723525,-2.261322098,0.008499076,-1.225779046,-0.008723525
362,2.021457183,-0.008861874,-2.212335544,0.00830472,-1.244599795,-0.008861874
363,2.024600531,-0.009006958,-2.205873474,0.008416487,-1.240301828,-0.009006958
364,2.031165526,-0.008926582,-2.230962256,0.008577997,-1.234047352,-0.008926582
365,2.016997118,-0.008856292,-2.205266526,0.0086327,-1.229414995,-0.008856292
366,1.992046455,-0.008949793,-2.229067071,0.008508943,-1.260180338,-0.008949793
367,1.986639218,-0.008893761,-2.238956271,0.00830832,-1.223361979,-0.008893761
368,2.001989928,-0.008985888,-2.231413763,0.008351068,-1.244370116,-0.008985888
369,2.015051498,-0.008876655,-2.209707534,0.008504585,-1.225018453,-0.008876655
370,1.974989123,-0.008906175,-2.247773515,0.008514455,-1.241419479,-0.008906175
371,2.016878396,-0.008946747,-2.251083866,0.008364203,-1.237098195,-0.008946747
372,2.060073544,-0.008774616,-2.195984895,0.008560691,-1.228404544,-0.008774616
373,1.977445343,-0.00897577,-2.210583676,0.008387279,-1.228001352,-0.00897577
374,2.021496048,-0.008830404,-2.224004924,0.008499418,-1.227490869,-0.008830404
375,2.039901569,-0.008928812,-2.234865889,0.008629849,-1.238815627,-0.008928812
376,2.062791305,-0.009007373,-2.263382699,0.008576146,-1.227122453,-0.009007373
377,2.039558711,-0.008851285,-2.254645214,0.008409045,-1.233739232,-0.008851285
378,2.022394796,-0.00888454,-2.230989078,0.008462283,-1.242971737,-0.00888454
379,2.040265574,-0.008765536,-2.224261404,0.008524804,-1.237368703,-0.008765536
380,2.014009209,-0.008776755,-2.214440665,0.008427568,-1.242214299,-0.008776755
381,2.019403131,-0.008784886,-2.187449653,0.008446006,-1.227467712,-0.008784886
382,2.006854845,-0.008851151,-2.216496719,0.008498481,-1.221304427,-0.008851151
383,1.984658699,-0.008905399,-2.20523384,0.008498729,-1.267873905,-0.008905399
384,2.037833697,-0.008999311,-2.235878503,0.008354506,-1.225394896,-0.008999311
385,2.033381245,-0.008816688,-2.240369173,0.00841366,-1.238342384,-0.008816688
386,2.081294539,-0.008999645,-2.199011819,0.008454806,-1.218589628,-0.008999645
387,2.034858499,-0.008761762,-2.228376331,0.008492565,-1.238796141,-0.008761762
388,2.019715009,-0.008893892,-2.207348172,0.008398708,-1.223656464,-0.008893892
389,2.043972393,-0.008876763,-2.234353465,0.008488087,-1.223309113,-0.008876763
390,2.009900683,-0.008814265,-2.244978328,0.008490227,-1.237983485,-0.008814265
391,2.022492653,-0.0088461,-2.220076638,0.008427777,-1.243146259,-0.0088461
392,1.99461278,-0.008983374,-2.193181104,0.008514395,-1.243955086,-0.008983374
393,2.018537772,-0.008771549,-2.257600639,0.008441129,-1.235631697,-0.008771549
394,1.985267614,-0.008749245,-2.2330423,0.008510493,-1.222703924,-0.008749245
395,2.053767528,-0.008951586,-2.228114647,0.008343967,-1.239254949,-0.008951586
396,2.046050461,-0.00886442,-2.229444131,0.008419398,-1.231362649,-0.00886442
397,2.011314045,-0.00887463,-2.232851346,0.00838602,-1.232113087,-0.00887463
398,1.986364085,-0.008883466,-2.206809308,0.008520995,-1.214320472,-0.008883466
399,2.025392497,-0.008924775,-2.218594224,0.008632181,-1.240323118,-0.008924775
400,2.026243657,-0.008880641,-2.225582923,0.008330326,-1.242338084,-0.008880641
401,2.024867027,-0.008742778,-2.25769258,0.008465079,-1.231106801,-0.008742778
402,2.041805344,-0.008926927,-2.235003199,0.008617772,-1.220104819,-0.008926927
403,2.016008777,-0.008893541,-2.237464043,0.00848261,-1.211960599,-0.008893541
404,2.015428065,-0.00889823,-2.255298155,0.008433895,-1.266976443,-0.00889823
405,1.992431208,-0.008934154,-2.229261713,0.008620534,-1.231113634,-0.008934154
406,2.036925204,-0.008890485,-2.198369972,0.008476579,-1.258031972,-0.008890485
407,2.025098665,-0.009053296,-2.220250006,0.008472445,-1.198517201,-0.009053296
408,2.033472795,-0.008889198,-2.209228781,0.00836438,-1.22021115,-0.008889198
409,2.044956397,-0.008909962,-2.215685829,0.008403018,-1.222736445,-0.008909962
410,2.034126965,-0.008868567,-2.190975847,0.008410661,-1.249020191,-0.008868567
411,2.019803354,-0.008764603,-2.244767069,0.008478069,-1.239730084,-0.008764603
412,2.042549831,-0.008859487,-2.215852822,0.008393886,-1.23589442,-0.008859487
413,2.015146979,-0.008895298,-2.231069353,0.008312917,-1.232775787,-0.008895298
414,2.023413479,-0.00903132,-2.213640817,0.008400785,-1.2307304,-0.00903132
415,2.023474915,-0.008832077,-2.231609563,0.008412234,-1.229893189,-0.008832077
416,1.979605825,-0.008794301,-2.223578419,0.008452476,-1.24482557,-0.008794301
417,2.045297602,-0.00878807,-2.212107083,0.008506622,-1.211144721,-0.00878807
418,2.034676886,-0.00893246,-2.23295465,0.008138265,-1.241624775,-0.00893246
419,2.010932179,-0.008962877,-2.217019309,0.008323515,-1.233131153,-0.008962877
420,2.050651652,-0.008870517,-2.255143446,0.008260177,-1.230124283,-0.008870517
421,2.03654825,-0.008939602,-2.207939152,0.008410376,-1.229828837,-0.008939602
422,2.052181511,-0.008740817,-2.23369058,0.008429536,-1.224638781,-0.008740817
423,2.062372946,-0.008775038,-2.20985348,0.008417153,-1.243543229,-0.008775038
424,2.020948871,-0.008894434,-2.218961059,0.008492811,-1.223122087,-0.008894434
425,2.006115049,-0.008852132,-2.222704471,0.008436955,-1.237902702,-0.008852132
426,2.026849297,-0.009005406,-2.211696623,0.008299434,-1.233959991,-0.009005406
427,2.021494539,-0.008782414,-2.243963062,0.008551584,-1.223401565,-0.008782414
428,2.016716278,-0.009111484,-2.2145377,0.008416672,-1.260538872,-0.009111484
429,2.005002682,-0.008796922,-2.253989986,0.008363189,-1.250356739,-0.008796922
430,2.062858261,-0.008788896,-2.197416566,0.008484297,-1.233328304,-0.008788896
431,2.020006365,-0.008919677,-2.227339119,0.008470563,-1.238118202,-0.008919677
432,1.993054238,-0.008884124,-2.229617612,0.008548545,-1.209156891,-0.008884124
433,2.029928233,-0.008824643,-2.217221688,0.008596837,-1.238097649,-0.008824643
434,2.004581516,-0.008942367,-2.20930836,0.00838218,-1.243382132,-0.008942367
435,2.045121458,-0.008943175,-2.237068368,0.008357828,-1.242793468,-0.008943175
436,1.995961048,-0.008889817,-2.216419419,0.008429687,-1.220559969,-0.008889817
437,2.035828387,-0.008964323,-2.228747031,0.008439435,-1.231497526,-0.008964323
438,2.020849663,-0.00899156,-2.174006503,0.008467007,-1.233777731,-0.00899156
439,1.995417018,-0.008729055,-2.265324707,0.008461723,-1.243478255,-0.008729055
440,2.033024292,-0.008834599,-2.212220518,0.008358131,-1.222509307,-0.008834599
441,2.051134501,-0.00891045,-2.265066672,0.008425704,-1.236897816,-0.00891045
442,2.037507703,-0.008814759,-2.195280388,0.008397803,-1.224032258,-0.008814759
443,2.034597874,-0.00877337,-2.198265999,0.008540542,-1.228677173,-0.00877337
444,1.999376674,-0.008722202,-2.219030624,0.008535128,-1.23505712,-0.008722202
445,2.02909578,-0.00905316,-2.215526595,0.008436396,-1.241312242,-0.00905316
446,2.013902272,-0.008860094,-2.218728981,0.008461088,-1.232600589,-0.008860094
447,2.028251073,-0.00885854,-2.225106461,0.008568087,-1.238822831,-0.00885854
448,2.014435432,-0.008897589,-2.191826006,0.008426954,-1.247308157,-0.008897589
449,2.068094289,-0.008723589,-2.234071903,0.008399196,-1.226171613,-0.008723589
450,1.99531384,-0.008923474,-2.227251374,0.008559008,-1.236232978,-0.008923474
451,2.03459476,-0.008805539,-2.232805802,0.00842234,-1.21440777,-0.008805539
452,2.031914208,-0.008891566,-2.190694981,0.008644586,-1.249123957,-0.008891566
453,2.014208508,-0.008907948,-2.207363774,0.008425345,-1.251376938,-0.008907948
454,1.995751603,-0.008842337,-2.216180898,0.008359475,-1.246133892,-0.008842337
455,2.015585011,-0.008738545,-2.226744387,0.0084806,-1.260898775,-0.008738545
456,2.0076082,-0.008943452,-2.240379298,0.008380339,-1.231892231,-0.008943452
457,2.022903676,-0.008868067,-2.212418502,0.008500199,-1.254539739,-0.008868067
458,1.987276899,-0.008903856,-2.198479823,0.008433964,-1.227087301,-0.008903856
459,2.069073581,-0.008966871,-2.223250757,0.008496606,-1.241818685,-0.008966871
460,2.018099464,-0.008857829,-2.244931975,0.008509585,-1.242836234,-0.008857829
461,2.017055133,-0.008812715,-2.245984309,0.00832837,-1.230742646,-0.008812715
462,2.023351229,-0.009029584,-2.195340114,0.008466575,-1.239620185,-0.009029584
463,2.024149926,-0.00873277,-2.223465071,0.008580347,-1.264632003,-0.00873277
464,2.028830549,-0.008834493,-2.227041591,0.008435825,-1.225098082,-0.008834493
465,2.024225617,-0.008715977,-2.226893447,0.008466153,-1.233455597,-0.008715977
466,2.048784284,-0.008798039,-2.208131179,0.008458238,-1.228612597,-0.008798039
467,2.04112988,-0.008837209,-2.22293273,0.008568966,-1.233625877,-0.008837209
468,2.026763137,-0.008893491,-2.230324461,0.008653964,-1.20981732,-0.008893491
469,2.026289172,-0.008812774,-2.217946424,0.008534452,-1.22613708,-0.008812774
470,2.026682187,-0.008914115,-2.2021883,0.008438402,-1.223999282,-0.008914115
471,2.015681101,-0.008895812,-2.23123751,0.008463478,-1.213713462,-0.008895812
472,2.051394978,-0.0088929,-2.227741577,0.008416285,-1.214236091,-0.0088929
473,2.062889492,-0.008915873,-2.243334969,0.008568954,-1.229472815,-0.008915873
474,2.028052662,-0.008810383,-2.21638752,0.008351473,-1.250542474,-0.008810383
475,2.020711901,-0.008780618,-2.206742033,0.008450165,-1.20298934,-0.008780618
476,2.033528453,-0.009027082,-2.211701976,0.008327085,-1.238504035,-0.009027082
477,2.021264475,-0.008969029,-2.259501226,0.008448584,-1.235592473,-0.008969029
478,2.022401445,-0.008969501,-2.241503108,0.00865133,-1.237770742,-0.008969501
479,2.06282506,-0.008813289,-2.230982887,0.008599842,-1.225952469,-0.008813289
480,2.046551891,-0.008899675,-2.236839129,0.00851799,-1.232151771,-0.008899675
481,2.047901446,-0.00877193,-2.263678386,0.008508735,-1.260313026,-0.00877193
482,2.056604401,-0.008868266,-2.214443862,0.008531619,-1.23538058,-0.008868266
483,2.007974533,-0.008936523,-2.230787348,0.008488253,-1.233485427,-0.008936523
484,2.037820678,-0.008884919,-2.208206191,0.008686614,-1.236860049,-0.008884919
485,2.02032102,-0.008881224,-2.221120568,0.008490233,-1.237584066,-0.008881224
486,2.040179619,-0.00893124,-2.224002643,0.008343184,-1.203850537,-0.00893124
487,2.025510327,-0.008899831,-2.212524261,0.008400858,-1.231438202,-0.008899831
488,2.041048878,-0.008859311,-2.225423921,0.008557203,-1.228844116,-0.008859311
489,2.016075863,-0.008816193,-2.232788018,0.008506241,-1.244628405,-0.008816193
490,1.977294974,-0.009014848,-2.236714371,0.008507652,-1.231119801,-0.009014848
491,2.009054385,-0.00879222,-2.218156778,0.008544187,-1.25121208,-0.00879222
492,2.008321625,-0.009005773,-2.202174819,0.008531176,-1.231758115,-0.009005773
493,2.006232546,-0.008804717,-2.216397805,0.008435126,-1.245936372,-0.008804717
494,2.036517913,-0.008930043,-2.254577186,0.008479899,-1.245640674,-0.008930043
495,2.041426837,-0.008823461,-2.220059422,0.008457812,-1.240837645,-0.008823461
496,2.038057743,-0.008861434,-2.213399225,0.008384384,-1.245757565,-0.008861434
497,2.042961468,-0.008873556,-2.246768734,0.008434892,-1.236201912,-0.008873556
498,2.038254956,-0.008921046,-2.21284719,0.008549571,-1.222148584,-0.008921046
499,2.01249106,-0.008614951,-2.207533974,0.008600533,-1.251103033,-0.008614951
500,2.007948855,-0.00879823,-2.190665323,0.008409122,-1.241242172,-0.00879823
501,1.993960178,-0.008995238,-2.207619792,0.008525753,-1.237945967,-0.008995238
502,1.996369418,-0.008789373,-2.227055147,0.008306471,-1.242691604,-0.008789373
503,2.009369068,-0.008858732,-2.237840537,0.008599978,-1.212794085,-0.008858732
504,2.011180419,-0.008919405,-2.202349803,0.008550591,-1.234542625,-0.008919405
505,2.013994185,-0.008746373,-2.240243332,0.008527661,-1.254206742,-0.008746373
506,2.034614848,-0.008953045,-2.203689883,0.008368074,-1.238798254,-0.008953045
507,2.012710207,-0.008862436,-2.196048679,0.008509129,-1.246504091,-0.008862436
508,1.996442667,-0.008966904,-2.210371292,0.00844401,-1.229225212,-0.008966904
509,2.048946328,-0.008898218,-2.256198557,0.008295577,-1.230058913,-0.008898218
510,2.028906365,-0.009013292,-2.228661252,0.008336387,-1.213127521,-0.009013292
511,1.99269771,-0.008779626,-2.220330495,0.008403968,-1.214164868,-0.008779626
512,2.042315806,-0.008888177,-2.230304733,0.008430866,-1.217415902,-0.008888177
513,2.027771554,-0.008813967,-2.267112936,0.008611032,-1.24167527,-0.008813967
514,2.022145165,-0.008874326,-2.235780496,0.00848751,-1.217663689,-0.008874326
515,2.039653322,-0.008861616,-2.240856448,0.008501215,-1.241229186,-0.008861616
516,2.017857902,-0.009098219,-2.187843962,0.00837649,-1.248330545,-0.009098219
517,2.042089872,-0.008958093,-2.229303467,0.008231087,-1.218040816,-0.008958093
518,2.027434205,-0.008873139,-2.243123434,0.008545548,-1.25817551,-0.008873139
519,2.026825665,-0.008904301,-2.239615821,0.008501463,-1.197157658,-0.008904301
520,2.051171002,-0.008849129,-2.234466739,0.008409071,-1.23850835,-0.008849129
521,2.037439266,-0.008821529,-2.222084233,0.008512821,-1.241647857,-0.008821529
522,2.032029732,-0.0089748,-2.250774768,0.008435263,-1.238372092,-0.0089748
523,2.053024061,-0.008770499,-2.224620463,0.008589534,-1.231387376,-0.008770499
524,2.035008572,-0.008862425,-2.241411459,0.008458749,-1.210238219,-0.008862425
525,2.026550702,-0.00880921,-2.189088987,0.008516216,-1.25069211,-0.00880921
526,2.012430391,-0.008840717,-2.209918143,0.008565622,-1.215552621,-0.008840717
527,2.017950678,-0.00891396,-2.248711167,0.008495808,-1.235163462,-0.00891396
528,2.010723997,-0.008874617,-2.195964835,0.008400998,-1.246835429,-0.008874617
529,2.053563245,-0.009059179,-2.22021152,0.008649789,-1.255287636,-0.009059179
530,2.04938115,-0.008822807,-2.22918607,0.008497453,-1.216264938,-0.008822807
531,2.00379592,-0.008942239,-2.257250301,0.008574599,-1.220352899,-0.008942239
532,2.031644033,-0.008947468,-2.218185273,0.008567596,-1.218666177,-0.008947468
533,2.035073965,-0.00889665,-2.22582347,0.008322162,-1.224435088,-0.00889665
534,2.035982668,-0.009032928,-2.220754676,0.008365275,-1.226159131,-0.009032928
535,2.038359923,-0.008921094,-2.23538876,0.008507921,-1.254038328,-0.008921094
536,2.028564612,-0.008961784,-2.210435476,0.008427309,-1.233319467,-0.008961784
537,2.006160052,-0.008825493,-2.265180128,0.008566473,-1.230552388,-0.008825493
538,2.001193343,-0.008773966,-2.199868112,0.008481534,-1.225157476,-0.008773966
539,2.030266781,-0.008901517,-2.232580991,0.008574855,-1.238923427,-0.008901517
540,2.03263433,-0.008912082,-2.251988881,0.008444386,-1.230880439,-0.008912082
541,2.01509542,-0.008916225,-2.261261188,0.008577835,-1.248989615,-0.008916225
542,2.034456583,-0.008774262,-2.234302207,0.008507964,-1.224571177,-0.008774262
543,2.019340371,-0.008892084,-2.225094369,0.008448138,-1.234798642,-0.008892084
544,2.020866753,-0.008974495,-2.221063912,0.008539328,-1.234727412,-0.008974495
545,2.00618404,-0.008902131,-2.217498939,0.008448096,-1.216942048,-0.008902131
546,2.045258757,-0.00893742,-2.222235111,0.008459495,-1.222429241,-0.00893742
547,2.03542395,-0.008910601,-2.230913654,0.008461167,-1.23759454,-0.008910601
548,1.995173398,-0.00890273,-2.240801903,0.008590575,-1.237507508,-0.00890273
549,2.045069633,-0.008960133,-2.217548853,0.008513694,-1.246260287,-0.008960133
550,2.002083864,-0.008986181,-2.20934988,0.008372974,-1.23769725,-0.008986181
551,2.016348258,-0.009023708,-2.226249912,0.008490492,-1.221757295,-0.009023708
552,2.02935031,-0.008653965,-2.249480683,0.008640387,-1.218554006,-0.008653965
553,2.038715627,-0.008946912,-2.173190859,0.008425991,-1.221578025,-0.008946912
554,2.025485195,-0.008739496,-2.225641146,0.008325533,-1.229384117,-0.008739496
555,2.041036615,-0.008812101,-2.198410503,0.008580705,-1.2378417,-0.008812101
556,2.028375178,-0.009006836,-2.265280453,0.008407539,-1.229788308,-0.009006836
557,2.053743384,-0.008883816,-2.246849668,0.008439157,-1.226955921,-0.008883816
558,2.043415997,-0.008922789,-2.230351624,0.008469448,-1.220947719,-0.008922789
559,2.020412966,-0.008923013,-2.218905386,0.008540443,-1.233550134,-0.008923013
560,2.021963529,-0.008805148,-2.251687431,0.008544354,-1.241797506,-0.008805148
561,2.009981667,-0.008960371,-2.238945753,0.008542283,-1.246469644,-0.008960371
562,2.011160073,-0.008896504,-2.253287354,0.008434346,-1.225043254,-0.008896504
563,2.018907471,-0.008973578,-2.214929757,0.008464384,-1.227476928,-0.008973578
564,2.014717994,-0.008946,-2.267692312,0.008265238,-1.264497458,-0.008946
565,2.043192468,-0.008846311,-2.190139753,0.008513142,-1.231786837,-0.008846311
566,2.037019437,-0.008925217,-2.246973034,0.008373829,-1.217578755,-0.008925217
567,2.063887017,-0.008962166,-2.206271199,0.008356715,-1.229019495,-0.008962166
568,2.019213539,-0.008854154,-2.220025872,0.008455138,-1.226931994,-0.008854154
569,2.027074177,-0.008962896,-2.223100624,0.008441109,-1.252993488,-0.008962896
570,2.04049835,-0.008844648,-2.212647394,0.008444882,-1.219911912,-0.008844648
571,2.029542745,-0.008825881,-2.258735941,0.008533836,-1.244947488,-0.008825881
572,2.023388381,-0.008824996,-2.181215729,0.008514045,-1.232651063,-0.008824996
573,2.038781601,-0.008833495,-2.208229645,0.008415984,-1.245312893,-0.008833495
574,2.025539677,-0.008812974,-2.211681336,0.008487,-1.228015922,-0.008812974
575,1.997482785,-0.008943437,-2.173407689,0.00846401,-1.240305832,-0.008943437
576,2.01878236,-0.008817373,-2.203412315,0.008661171,-1.23053601,-0.008817373
577,1.98821795,-0.008917681,-2.221340881,0.00840052,-1.26270832,-0.008917681
578,2.036919829,-0.008794721,-2.233597191,0.008505731,-1.247120987,-0.008794721
579,2.037959279,-0.008829995,-2.244351683,0.008311532,-1.240224212,-0.008829995
580,2.079665195,-0.008953611,-2.198001239,0.008346577,-1.211332399,-0.008953611
581,2.012090878,-0.008820047,-2.206353714,0.0083769,-1.232889146,-0.008820047
582,2.042116946,-0.008923549,-2.267462375,0.00855576,-1.251329835,-0.008923549
583,1.99196083,-0.0087002,-2.19779834,0.008532012,-1.23779435,-0.0087002
584,2.014376486,-0.008893477,-2.234104256,0.008434921,-1.246332728,-0.008893477
585,2.031470204,-0.008836059,-2.211488867,0.008579471,-1.242928773,-0.008836059
586,2.034819772,-0.008915905,-2.198753631,0.008464441,-1.244332452,-0.008915905
587,2.049415334,-0.008844958,-2.23876849,0.008408568,-1.234611395,-0.008844958
588,2.034462695,-0.008853386,-2.232640583,0.008462864,-1.230476985,-0.008853386
589,2.020001031,-0.008977283,-2.225203225,0.008476895,-1.197324874,-0.008977283
590,2.028338165,-0.008823622,-2.231064206,0.008521658,-1.233045058,-0.008823622
591,2.004481578,-0.008984697,-2.261643629,0.00845168,-1.211087863,-0.008984697
592,2.021710885,-0.008918891,-2.19138291,0.00852366,-1.214582337,-0.008918891
593,1.99982637,-0.008977855,-2.223456913,0.00835343,-1.276276435,-0.008977855
594,2.015517533,-0.008906351,-2.250592178,0.008143181,-1.247018656,-0.008906351
595,2.028993388,-0.008896785,-2.283940485,0.008541796,-1.244220549,-0.008896785
596,1.999359186,-0.00893379,-2.247957154,0.008583523,-1.247286951,-0.00893379
597,2.034778888,-0.008837925,-2.21674017,0.008522304,-1.215939526,-0.008837925
598,2.016670583,-0.008960841,-2.20897226,0.008484603,-1.250062635,-0.008960841
599,2.013413426,-0.008967884,-2.214201544,0.008492118,-1.22065429,-0.008967884
600,2.011778172,-0.00892732,-2.206935325,0.008423101,-1.214127072,-0.00892732
601,2.039832857,-0.008917308,-2.159030309,0.008494378,-1.225901458,-0.008917308
602,2.016573022,-0.008816802,-2.198811324,0.008708514,-1.224782938,-0.008816802
603,2.003316112,-0.008930101,-2.187381334,0.008356397,-1.222245046,-0.008930101
604,2.052979684,-0.008976276,-2.234363652,0.008398543,-1.246853469,-0.008976276
605,2.018918408,-0.008887061,-2.19043332,0.008479057,-1.256088972,-0.008887061
606,2.041263806,-0.008927122,-2.199206057,0.008413928,-1.224465431,-0.008927122
607,2.002420647,-0.008907003,-2.187073489,0.008391962,-1.217089058,-0.008907003
608,2.053996594,-0.008799205,-2.194734819,0.008671579,-1.234526782,-0.008799205
609,2.014475065,-0.008919347,-2.217203673,0.00855622,-1.223748067,-0.008919347
610,2.027584535,-0.008954519,-2.210034914,0.008485797,-1.238240342,-0.008954519
611,2.009693022,-0.008736578,-2.22742657,0.008589728,-1.205941638,-0.008736578
612,2.032585976,-0.008877249,-2.246748639,0.008416173,-1.221774713,-0.008877249
613,2.051739014,-0.008886201,-2.193199713,0.00857853,-1.237898126,-0.008886201
614,2.029827886,-0.008832825,-2.217815934,0.008495238,-1.24997304,-0.008832825
615,2.013031851,-0.008922569,-2.216891683,0.008444994,-1.23415697,-0.008922569
616,2.024959852,-0.008887455,-2.213174041,0.008424233,-1.235630003,-0.008887455
617,2.002393794,-0.008790203,-2.237930615,0.008334076,-1.225160068,-0.008790203
618,2.009313659,-0.008739638,-2.281907255,0.008593975,-1.250166558,-0.008739638
619,2.023406418,-0.008955028,-2.154615898,0.008433611,-1.216610408,-0.008955028
620,2.006803076,-0.008944241,-2.257216268,0.008449415,-1.254025674,-0.008944241
621,1.983525963,-0.008775981,-2.201347958,0.008482508,-1.223506175,-0.008775981
622,2.052764509,-0.00888495,-2.206678908,0.008378572,-1.233217694,-0.00888495
623,2.024427062,-0.008940684,-2.264467495,0.008451495,-1.213761277,-0.008940684
624,2.018628107,-0.008803167,-2.203418159,0.008581305,-1.246888905,-0.008803167
625,2.010604216,-0.008725442,-2.245483123,0.008557906,-1.211941561,-0.008725442
626,2.004403692,-0.008964412,-2.238374938,0.008474564,-1.21222017,-0.008964412
627,2.060768956,-0.008836403,-2.219166776,0.008469871,-1.256506388,-0.008836403
628,2.042663205,-0.008984016,-2.202639438,0.008710661,-1.210842696,-0.008984016
629,2.02208575,-0.008913181,-2.274186534,0.008252075,-1.245079698,-0.008913181
630,2.053521064,-0.008762845,-2.236512983,0.00838475,-1.235520199,-0.008762845
631,1.994852883,-0.00887281,-2.254727503,0.008465485,-1.235524167,-0.00887281
632,2.029865504,-0.008917586,-2.240212042,0.008420911,-1.241926725,-0.008917586
633,2.032689392,-0.008834808,-2.225578073,0.008359579,-1.226535742,-0.008834808
634,1.988887811,-0.008866735,-2.221831167,0.008424661,-1.212764962,-0.008866735
635,2.00424914,-0.008977401,-2.235145671,0.008317455,-1.221486821,-0.008977401
636,2.009677654,-0.008944138,-2.272043764,0.008548422,-1.212202595,-0.008944138
637,2.028421794,-0.008905625,-2.210352048,0.008461805,-1.226637016,-0.008905625
638,2.038769012,-0.008958523,-2.224979156,0.008482673,-1.229755237,-0.008958523
639,2.00833042,-0.008778474,-2.215507001,0.008462881,-1.24584682,-0.008778474
640,2.013224283,-0.008795647,-2.222883631,0.008360538,-1.223102999,-0.008795647
641,2.064118736,-0.009015216,-2.200216834,0.008440675,-1.241442044,-0.009015216
642,2.0247591,-0.008976268,-2.221046728,0.008461343,-1.237119016,-0.008976268
643,1.999873592,-0.00879986,-2.229578409,0.008437725,-1.262848218,-0.00879986
644,1.991108262,-0.008807171,-2.18261375,0.008481008,-1.203550778,-0.008807171
645,2.017633746,-0.009050776,-2.17699127,0.008417499,-1.232016564,-0.009050776
646,2.062700286,-0.008783408,-2.199125185,0.008487623,-1.244272739,-0.008783408
647,2.054303216,-0.008760707,-2.23517606,0.008501545,-1.255844739,-0.008760707
648,2.030159589,-0.00890003,-2.265004598,0.00848603,-1.240486774,-0.00890003
649,2.008151005,-0.00908741,-2.217745138,0.008522722,-1.234026559,-0.00908741
650,2.041654475,-0.009011767,-2.222647624,0.008522132,-1.226164064,-0.009011767
651,2.01137791,-0.008813736,-2.192923578,0.008489728,-1.213663768,-0.008813736
652,2.059033754,-0.008803421,-2.180804886,0.008290651,-1.229863459,-0.008803421
653,2.026609882,-0.0087238,-2.224933777,0.00853497,-1.226629534,-0.0087238
654,2.013874326,-0.008866675,-2.23351532,0.008519903,-1.228483794,-0.008866675
655,2.029833279,-0.008866247,-2.238326989,0.008405944,-1.253980891,-0.008866247
656,1.995618988,-0.008812215,-2.199945312,0.008462572,-1.233593459,-0.008812215
657,1.992225134,-0.008884422,-2.211710064,0.008510412,-1.225595904,-0.008884422
658,2.017435803,-0.008868862,-2.206370179,0.008277096,-1.230185043,-0.008868862
659,2.028472134,-0.008840219,-2.209393315,0.008436137,-1.22958567,-0.008840219
660,2.041137253,-0.008906974,-2.219171053,0.008553875,-1.23194759,-0.008906974
661,2.015348789,-0.008884436,-2.201798412,0.008391986,-1.240481883,-0.008884436
662,2.020892269,-0.008812476,-2.241014352,0.008336143,-1.229917441,-0.008812476
663,2.041269781,-0.008990898,-2.211547273,0.008416634,-1.204505906,-0.008990898
664,2.043743111,-0.008884162,-2.223618672,0.008522841,-1.243547629,-0.008884162
665,2.053423877,-0.008967561,-2.214996872,0.008523931,-1.239710753,-0.008967561
666,2.011863046,-0.008697962,-2.265151876,0.00837241,-1.224486181,-0.008697962
667,2.011283293,-0.008839051,-2.270706153,0.00846633,-1.240621911,-0.008839051
668,2.022821097,-0.008877125,-2.214886464,0.008328467,-1.220228768,-0.008877125
669,2.022539055,-0.008926403,-2.202947563,0.008450624,-1.242876024,-0.008926403
670,2.003589233,-0.009035259,-2.221591854,0.008592017,-1.218217815,-0.009035259
671,2.008955603,-0.008849717,-2.186381313,0.008507082,-1.21058459,-0.008849717
672,2.028765278,-0.008924936,-2.267193039,0.008453637,-1.241170739,-0.008924936
673,2.01784661,-0.008907006,-2.248876874,0.008554645,-1.213642117,-0.008907006
674,1.992797034,-0.008967319,-2.161862648,0.00854134,-1.239939345,-0.008967319
675,2.015755374,-0.008852423,-2.25231837,0.008413636,-1.238475845,-0.008852423
676,2.043168914,-0.008860313,-2.252087305,0.008501895,-1.238867355,-0.008860313
677,2.060472291,-0.00888125,-2.241760771,0.008345513,-1.230509581,-0.00888125
678,2.010434319,-0.008796653,-2.219572903,0.00859691,-1.223053072,-0.008796653
679,2.028470647,-0.008865945,-2.227455319,0.008394112,-1.229865692,-0.008865945
680,2.020716793,-0.008940231,-2.21684123,0.008407797,-1.226707923,-0.008940231
681,2.051874145,-0.008812703,-2.224808357,0.00837166,-1.22465649,-0.008812703
682,2.044803499,-0.008834623,-2.255493746,0.008262066,-1.214102018,-0.008834623
683,2.00004,-0.008902521,-2.202526535,0.008386941,-1.216714353,-0.008902521
684,1.990742272,-0.008889274,-2.217346696,0.008375983,-1.24879256,-0.008889274
685,2.014876826,-0.008790327,-2.217272173,0.008500933,-1.228793896,-0.008790327
686,2.024980215,-0.009082018,-2.265702029,0.008422702,-1.236031569,-0.009082018
687,2.054457293,-0.008949007,-2.215276703,0.00845024,-1.204669506,-0.008949007
688,2.001927096,-0.008797605,-2.215258963,0.008458831,-1.238793218,-0.008797605
689,2.026191991,-0.008911681,-2.199187664,0.008457098,-1.216445849,-0.008911681
690,1.964097942,-0.00909626,-2.224968725,0.008547913,-1.230391314,-0.00909626
691,2.01577675,-0.008801399,-2.240657957,0.008430756,-1.236769098,-0.008801399
692,2.021603404,-0.00876311,-2.227801137,0.008361338,-1.219232565,-0.00876311
693,2.028494781,-0.008772195,-2.229741885,0.008582055,-1.232787149,-0.008772195
694,2.016397029,-0.009057179,-2.235096941,0.00856222,-1.234329032,-0.009057179
695,2.035079292,-0.008828391,-2.234026059,0.008378157,-1.226927548,-0.008828391
696,2.011831181,-0.008890991,-2.212265072,0.008546108,-1.229241767,-0.008890991
697,2.025508088,-0.008937251,-2.230040468,0.008637025,-1.231507706,-0.008937251
698,2.001826223,-0.008976331,-2.207062575,0.008651237,-1.217109784,-0.008976331
699,2.015144721,-0.008973622,-2.201757182,0.008257806,-1.242227902,-0.008973622
700,1.992651828,-0.008835517,-2.221045668,0.008486004,-1.233397988,-0.008835517
701,1.985222075,-0.008883756,-2.224670554,0.008430374,-1.214015466,-0.008883756
702,2.001082795,-0.008933095,-2.196069063,0.008358854,-1.229583242,-0.008933095
703,2.017615434,-0.008861707,-2.154598473,0.008419004,-1.234922099,-0.008861707
704,1.994220679,-0.008953166,-2.24674696,0.008617375,-1.243053968,-0.008953166
705,2.014198387,-0.008901034,-2.20776438,0.008524869,-1.242736865,-0.008901034
706,2.052516915,-0.008965028,-2.190616247,0.008441807,-1.226108699,-0.008965028
707,2.020933277,-0.008954017,-2.19791347,0.008327594,-1.226879126,-0.008954017
708,2.049351135,-0.008784475,-2.216855149,0.008641359,-1.238199912,-0.008784475
709,2.030899577,-0.008985636,-2.21165744,0.008482185,-1.224774398,-0.008985636
710,2.038355792,-0.008941023,-2.238757591,0.008542252,-1.235665867,-0.008941023
711,2.0108431,-0.008672939,-2.222872329,0.008436808,-1.247064681,-0.008672939
712,2.018036854,-0.008902358,-2.21745745,0.008526854,-1.251533203,-0.008902358
713,2.003843121,-0.008896839,-2.267577005,0.008423413,-1.228463212,-0.008896839
714,2.013486917,-0.008868167,-2.249336027,0.008513497,-1.242951567,-0.008868167
715,2.029784289,-0.009003079,-2.214106357,0.008357719,-1.238333274,-0.009003079
716,2.054458617,-0.008912489,-2.264703249,0.008396597,-1.224737417,-0.008912489
717,2.02056542,-0.008756509,-2.253113278,0.008458696,-1.233716526,-0.008756509
718,2.016940514,-0.009021335,-2.207591927,0.008396481,-1.211992081,-0.009021335
719,2.011425458,-0.008925741,-2.176763333,0.008584394,-1.224941207,-0.008925741
720,2.024128669,-0.008850097,-2.251712691,0.008528154,-1.230707039,-0.008850097
721,2.02197517,-0.008943667,-2.212017385,0.008405816,-1.224282601,-0.008943667
722,2.035755149,-0.008948092,-2.237108397,0.008511459,-1.216578567,-0.008948092
723,2.026496364,-0.009008061,-2.208729066,0.008652081,-1.22978051,-0.009008061
724,2.001383434,-0.008924134,-2.237462381,0.008357832,-1.235062941,-0.008924134
725,2.035737037,-0.008932989,-2.197234161,0.008464327,-1.227159446,-0.008932989
726,2.052137173,-0.008830186,-2.258115411,0.008399634,-1.197151058,-0.008830186
727,2.000855054,-0.008972824,-2.228811469,0.008527541,-1.227104723,-0.008972824
728,2.021662698,-0.00896352,-2.209488336,0.008503485,-1.244885087,-0.00896352
729,2.031298424,-0.008965255,-2.214569832,0.008572299,-1.235966193,-0.008965255
730,2.02932365,-0.009047567,-2.233725988,0.008465464,-1.220883698,-0.009047567
731,2.008521135,-0.00892037,-2.238989404,0.008355822,-1.233991075,-0.00892037
732,2.041045329,-0.008918154,-2.244386286,0.008533062,-1.232179721,-0.008918154
733,2.03280608,-0.008935731,-2.228444073,0.008468332,-1.215709057,-0.008935731
734,2.013005357,-0.008774764,-2.212001811,0.008467128,-1.228650927,-0.008774764
735,1.988191837,-0.008965613,-2.225186378,0.008608079,-1.232333366,-0.008965613
736,1.984918348,-0.008897373,-2.177455213,0.008440822,-1.224665651,-0.008897373
737,2.018147604,-0.008928605,-2.192163801,0.008511247,-1.230570038,-0.008928605
738,1.989597545,-0.008881138,-2.189634701,0.008464549,-1.238158017,-0.008881138
739,2.032538734,-0.008966994,-2.222508541,0.008321015,-1.224757951,-0.008966994
740,2.013082678,-0.009009511,-2.210175247,0.008513555,-1.219265817,-0.009009511
741,2.011706215,-0.008995431,-2.209697609,0.008493138,-1.233269934,-0.008995431
742,2.071501865,-0.008850213,-2.224857561,0.008523402,-1.209181535,-0.008850213
743,2.03782722,-0.008801155,-2.210460434,0.008370632,-1.235213195,-0.008801155
744,2.028123312,-0.00888396,-2.18851678,0.00858154,-1.252758995,-0.00888396
745,2.027880776,-0.008815203,-2.198758648,0.008518679,-1.212128959,-0.008815203
746,2.054736399,-0.008781056,-2.205641737,0.008320255,-1.253390267,-0.008781056
747,2.003519578,-0.008999864,-2.213110454,0.008462579,-1.214071252,-0.008999864
748,2.049056017,-0.009102658,-2.240006948,0.008496289,-1.221729712,-0.009102658
749,2.025173858,-0.008846287,-2.205843695,0.00839731,-1.246637047,-0.008846287
750,2.01890296,-0.009023593,-2.213304343,0.008569596,-1.223870255,-0.009023593
751,2.046004274,-0.008789278,-2.213100367,0.008386017,-1.242517225,-0.008789278
752,2.037060655,-0.008904029,-2.22254428,0.008588332,-1.237251029,-0.008904029
753,2.009173357,-0.008945484,-2.251947316,0.008603758,-1.220240984,-0.008945484
754,1.987841363,-0.008869997,-2.234641816,0.008500348,-1.233625054,-0.008869997
755,1.992232271,-0.00887961,-2.207502648,0.00838672,-1.229167043,-0.00887961
756,1.993916187,-0.008705193,-2.206622865,0.008451115,-1.24405893,-0.008705193
757,2.022559489,-0.008830624,-2.203232331,0.008549095,-1.275154239,-0.008830624
758,2.022185909,-0.008949403,-2.235634848,0.008409122,-1.257939296,-0.008949403
759,1.97536049,-0.008922154,-2.199145186,0.008604483,-1.239783529,-0.008922154
760,2.023303766,-0.008911836,-2.211379644,0.008377595,-1.212230291,-0.008911836
761,2.023657965,-0.008896022,-2.237212632,0.008434551,-1.230564951,-0.008896022
762,2.049035409,-0.009004637,-2.235423802,0.00847019,-1.229855524,-0.009004637
763,2.007142979,-0.008832962,-2.216672527,0.00850274,-1.226677544,-0.008832962
764,2.032685465,-0.008872847,-2.228902126,0.008446925,-1.237862384,-0.008872847
765,2.004510921,-0.009000827,-2.197387215,0.008512619,-1.227874971,-0.009000827
766,2.038722589,-0.008853232,-2.219144921,0.008448265,-1.204939352,-0.008853232
767,2.023038322,-0.008766929,-2.234377473,0.008546568,-1.249675417,-0.008766929
768,2.030770815,-0.009008187,-2.237878472,0.008447035,-1.221460762,-0.009008187
769,2.030034171,-0.008778181,-2.233553018,0.008615818,-1.219782596,-0.008778181
770,2.034537599,-0.008966046,-2.216187333,0.008352637,-1.210281962,-0.008966046
771,2.016004295,-0.008823396,-2.233366544,0.008378004,-1.218467634,-0.008823396
772,2.014909762,-0.008970246,-2.239853616,0.00839969,-1.212311151,-0.008970246
773,2.043392024,-0.00879481,-2.215747056,0.008326194,-1.222982322,-0.00879481
774,2.058641314,-0.008878514,-2.213665534,0.008392663,-1.23611124,-0.008878514
775,2.020952101,-0.008819775,-2.201482875,0.008341464,-1.22822571,-0.008819775
776,2.071147699,-0.008857895,-2.242682573,0.008509711,-1.26414355,-0.008857895
777,2.030886091,-0.008862979,-2.190351577,0.008511826,-1.220038786,-0.008862979
778,2.031578431,-0.008988061,-2.240931942,0.008456419,-1.240948388,-0.008988061
779,2.000243962,-0.008922817,-2.22911303,0.008463354,-1.236570364,-0.008922817
780,1.992931403,-0.008779019,-2.20915856,0.008476829,-1.266971447,-0.008779019
781,2.022678421,-0.009117885,-2.228171598,0.008521748,-1.204668982,-0.009117885
782,2.043013593,-0.008836633,-2.206354582,0.008696558,-1.262866068,-0.008836633
783,1.978270557,-0.008767304,-2.222124093,0.008535721,-1.242705705,-0.008767304
784,2.047894951,-0.008917746,-2.216793463,0.008469915,-1.23667266,-0.008917746
785,2.047824397,-0.008843999,-2.227108228,0.008477924,-1.242547359,-0.008843999
786,2.051785878,-0.008909542,-2.21102085,0.008677191,-1.233025997,-0.008909542
787,2.044798798,-0.008815729,-2.204435787,0.008555428,-1.236907393,-0.008815729
788,2.014442909,-0.008981145,-2.223693452,0.008428796,-1.217001064,-0.008981145
789,2.031997825,-0.008892706,-2.213283114,0.008629065,-1.238678766,-0.008892706
790,2.016257522,-0.008726598,-2.22204556,0.008456487,-1.207263845,-0.008726598
791,2.082034512,-0.008820448,-2.229881567,0.008419526,-1.20517541,-0.008820448
792,2.053038271,-0.008984053,-2.223556893,0.008597967,-1.216519324,-0.008984053
793,1.99667181,-0.008738787,-2.179322763,0.008686661,-1.213624252,-0.008738787
794,2.032317331,-0.008733358,-2.216480215,0.008602355,-1.239342361,-0.008733358
795,2.00821393,-0.00894607,-2.268306147,0.008507112,-1.237836928,-0.00894607
796,2.021858762,-0.008901214,-2.232636487,0.008606477,-1.208145155,-0.008901214
797,2.0190271,-0.008852282,-2.234279764,0.008364293,-1.223790865,-0.008852282
798,2.067675738,-0.008953577,-2.209488271,0.008665946,-1.242007531,-0.008953577
799,2.017141216,-0.008838372,-2.226750351,0.008445325,-1.243368874,-0.008838372
800,2.044523361,-0.00879842,-2.247864087,0.008515455,-1.222592047,-0.00879842
801,2.050143288,-0.008882088,-2.190725404,0.008290743,-1.230693682,-0.008882088
802,2.040301901,-0.008846197,-2.231941843,0.008544957,-1.235054102,-0.008846197
803,2.022522475,-0.008975561,-2.21526187,0.008463318,-1.223356989,-0.008975561
804,2.033343073,-0.008974586,-2.230030114,0.008497616,-1.238379114,-0.008974586
805,2.039887922,-0.009083188,-2.18759974,0.008430765,-1.226359295,-0.009083188
806,1.992960885,-0.008906633,-2.243821001,0.008471557,-1.233541922,-0.008906633
807,1.986322715,-0.008831575,-2.271710498,0.008388133,-1.243445672,-0.008831575
808,2.03364593,-0.008901446,-2.207085888,0.008399143,-1.236011844,-0.008901446
809,2.045767536,-0.008935532,-2.207709222,0.008420928,-1.242350796,-0.008935532
810,2.044259012,-0.008915214,-2.256112135,0.008651555,-1.241243241,-0.008915214
811,2.047590797,-0.008876598,-2.194470635,0.008437827,-1.202706591,-0.008876598
812,2.004610384,-0.008927529,-2.242929459,0.008550001,-1.229183495,-0.008927529
813,2.019975095,-0.009090976,-2.201881581,0.008501065,-1.232606525,-0.009090976
814,2.020924154,-0.009050953,-2.19209549,0.008412006,-1.205445155,-0.009050953
815,2.01249168,-0.008771202,-2.23231641,0.008564585,-1.226553467,-0.008771202
816,2.043278812,-0.009123058,-2.22937547,0.008369265,-1.239745461,-0.009123058
817,2.038928718,-0.008895021,-2.235335724,0.008252275,-1.22114576,-0.008895021
818,2.034801515,-0.008635247,-2.245031916,0.00847807,-1.236532513,-0.008635247
819,2.041203931,-0.008792687,-2.236727129,0.008534735,-1.22170851,-0.008792687
820,2.052450822,-0.008932124,-2.216869573,0.008396276,-1.242872601,-0.008932124
821,2.063199081,-0.008934589,-2.205938825,0.008567369,-1.214797545,-0.008934589
822,2.038573665,-0.008927455,-2.244452322,0.008332184,-1.240645867,-0.008927455
823,2.022821325,-0.008820256,-2.205770004,0.008468978,-1.237472352,-0.008820256
824,2.011571745,-0.009031472,-2.233425078,0.008605295,-1.232874872,-0.009031472
825,1.992138041,-0.008814119,-2.24107841,0.008490086,-1.236001947,-0.008814119
826,2.014001545,-0.008890704,-2.228965936,0.008434693,-1.225345198,-0.008890704
827,2.035593427,-0.009083323,-2.240542377,0.008511155,-1.232564574,-0.009083323
828,2.029169021,-0.009043747,-2.224849747,0.008437789,-1.237922119,-0.009043747
829,2.010436384,-0.008826206,-2.242896096,0.008457515,-1.199963298,-0.008826206
830,2.001713185,-0.008966406,-2.211256455,0.008547114,-1.223256964,-0.008966406
831,2.035803632,-0.008981136,-2.224332256,0.008502891,-1.227341072,-0.008981136
832,2.040258613,-0.008859416,-2.213599073,0.008464174,-1.233462969,-0.008859416
833,2.022969414,-0.008912936,-2.190783589,0.008485114,-1.217760944,-0.008912936
834,2.025303406,-0.008913571,-2.256536,0.008471107,-1.239587956,-0.008913571
835,2.051328497,-0.00897457,-2.230310312,0.008419843,-1.222731968,-0.00897457
836,2.014219602,-0.008924432,-2.21215695,0.008530395,-1.235183254,-0.008924432
837,2.024837264,-0.008926754,-2.222590723,0.008330873,-1.254749014,-0.008926754
838,1.998986627,-0.008876637,-2.226947292,0.00840398,-1.23666543,-0.008876637
839,2.020262033,-0.00892598,-2.204598074,0.008525475,-1.249443179,-0.00892598
840,2.005080036,-0.008908666,-2.246348191,0.008538492,-1.242648051,-0.008908666
841,2.039793234,-0.008754378,-2.226309933,0.00845112,-1.235297451,-0.008754378
842,1.998271169,-0.008879198,-2.215165198,0.008600856,-1.23620019,-0.008879198
843,2.02461339,-0.008842398,-2.220186643,0.008508819,-1.227621638,-0.008842398
844,2.02722671,-0.008848751,-2.226212503,0.008434339,-1.213958497,-0.008848751
845,2.000349594,-0.008816854,-2.200828249,0.008462864,-1.242397933,-0.008816854
846,2.000612923,-0.008797558,-2.250685309,0.008414779,-1.236909493,-0.008797558
847,2.024201272,-0.008986633,-2.219312179,0.008454275,-1.225002286,-0.008986633
848,2.021834211,-0.008851705,-2.208363889,0.008429292,-1.228148287,-0.008851705
849,1.997955454,-0.008922745,-2.223656846,0.008440274,-1.233071698,-0.008922745
850,2.015164239,-0.00889897,-2.248694128,0.008502524,-1.195853484,-0.00889897
851,1.993666209,-0.008886538,-2.207439704,0.008415042,-1.229427267,-0.008886538
852,2.018482086,-0.008993437,-2.233958219,0.008491717,-1.23262349,-0.008993437
853,2.040318419,-0.008938519,-2.22325073,0.008501983,-1.228575418,-0.008938519
854,2.028083736,-0.00905062,-2.210208349,0.008321339,-1.226157546,-0.00905062
855,2.02695114,-0.008824634,-2.213476594,0.008381775,-1.207392764,-0.008824634
856,2.006422132,-0.008868136,-2.222479155,0.008492674,-1.224257708,-0.008868136
857,2.022769762,-0.009002889,-2.234972269,0.008436058,-1.239361791,-0.009002889
858,2.031402135,-0.008988513,-2.261177863,0.008530899,-1.22048378,-0.008988513
859,2.01756436,-0.008898106,-2.214312785,0.008296967,-1.242147719,-0.008898106
860,1.980819529,-0.008872787,-2.196849025,0.008289787,-1.228740572,-0.008872787
861,2.006179151,-0.008823748,-2.258385933,0.00857066,-1.244117477,-0.008823748
862,2.01429494,-0.008889815,-2.221087447,0.008485305,-1.238439602,-0.008889815
863,2.003706922,-0.008731588,-2.240055514,0.008428199,-1.2458427,-0.008731588
864,1.990335818,-0.008988891,-2.216303266,0.00864168,-1.254677861,-0.008988891
865,2.010421465,-0.008954851,-2.22747846,0.008561728,-1.226351903,-0.008954851
866,2.066490651,-0.00893302,-2.213747767,0.00851188,-1.235254986,-0.00893302
867,2.046688683,-0.008848026,-2.222773819,0.008667232,-1.212876909,-0.008848026
868,2.019245273,-0.008973827,-2.209614241,0.008453434,-1.234988361,-0.008973827
869,2.035890923,-0.008902484,-2.211864184,0.00840901,-1.228515699,-0.008902484
870,2.047416433,-0.00897799,-2.249393092,0.008529849,-1.251326114,-0.00897799
871,1.991631584,-0.008750761,-2.242316419,0.008517413,-1.25787906,-0.008750761
872,2.014727303,-0.00893827,-2.219147862,0.008367812,-1.231690094,-0.00893827
873,2.032506676,-0.008929641,-2.226259582,0.008395476,-1.231227371,-0.008929641
874,1.988926093,-0.00890678,-2.212994289,0.008410928,-1.232348913,-0.00890678
875,2.032917965,-0.008845354,-2.21012919,0.008318437,-1.245789127,-0.008845354
876,2.02005569,-0.008858569,-2.195592036,0.008426646,-1.248018157,-0.008858569
877,2.03674988,-0.008982417,-2.242266,0.008543507,-1.238717793,-0.008982417
878,2.006280637,-0.008891969,-2.223408024,0.008540609,-1.239674177,-0.008891969
879,2.032493235,-0.008892792,-2.223662473,0.008459776,-1.226530341,-0.008892792
880,2.014780208,-0.008802186,-2.225686738,0.008259656,-1.229399885,-0.008802186
881,2.001726404,-0.008936011,-2.243633387,0.008334541,-1.238540934,-0.008936011
882,2.033721295,-0.008959856,-2.235199161,0.00848744,-1.243415293,-0.008959856
883,2.029058169,-0.008956567,-2.238877474,0.008668942,-1.220948862,-0.008956567
884,2.023289468,-0.008808566,-2.210699358,0.008548235,-1.229961765,-0.008808566
885,2.031300392,-0.008821699,-2.273251644,0.008383002,-1.232899489,-0.008821699
886,1.987386383,-0.008878879,-2.235426055,0.008402516,-1.221058638,-0.008878879
887,2.038484268,-0.00879269,-2.23105849,0.008422277,-1.229689131,-0.00879269
888,1.998949697,-0.008733358,-2.222220593,0.008357471,-1.250839417,-0.008733358
889,2.042192374,-0.008921041,-2.246727456,0.008288452,-1.236733705,-0.008921041
890,2.051452728,-0.008910466,-2.219634661,0.008417322,-1.257066037,-0.008910466
891,2.015785621,-0.008908248,-2.204546821,0.008372285,-1.234676226,-0.008908248
892,2.030676199,-0.008739002,-2.249831306,0.008503795,-1.229528348,-0.008739002
893,2.001870618,-0.008887385,-2.22310592,0.008461436,-1.239176744,-0.008887385
894,2.031725434,-0.00887365,-2.200384037,0.008488095,-1.236873632,-0.00887365
895,1.998574575,-0.008845039,-2.206548057,0.008690458,-1.221724709,-0.008845039
896,1.987773691,-0.008825566,-2.197226234,0.008554031,-1.255457671,-0.008825566
897,2.053663628,-0.008963344,-2.254162651,0.008423465,-1.245133447,-0.008963344
898,2.010884183,-0.00888323,-2.255183057,0.008425806,-1.255344142,-0.00888323
899,2.020942965,-0.008969896,-2.218390349,0.008546293,-1.219124284,-0.008969896
900,2.030821878,-0.008825684,-2.214277896,0.008329348,-1.230512196,-0.008825684
901,2.051539658,-0.008762326,-2.196335322,0.008471926,-1.204091735,-0.008762326
902,2.030615118,-0.008802121,-2.194746281,0.008400107,-1.224329406,-0.008802121
903,1.999757462,-0.009026161,-2.228276583,0.008619563,-1.215222225,-0.009026161
904,1.995119237,-0.008783331,-2.225403481,0.008536094,-1.216933677,-0.008783331
905,2.026921778,-0.008923003,-2.248995703,0.008550491,-1.228007579,-0.008923003
906,2.037600121,-0.008971588,-2.241007477,0.008694319,-1.236887892,-0.008971588
907,2.036996908,-0.008782845,-2.199929734,0.008542048,-1.228682832,-0.008782845
908,2.033518007,-0.008761057,-2.204240242,0.008618622,-1.217473689,-0.008761057
909,2.01632655,-0.008798201,-2.255318834,0.008540267,-1.245368731,-0.008798201
910,2.016782544,-0.009018054,-2.243508584,0.00848724,-1.238011312,-0.009018054
911,2.030968929,-0.008917518,-2.215358563,0.008382029,-1.227650455,-0.008917518
912,2.043901783,-0.008824896,-2.212146807,0.008499887,-1.225273281,-0.008824896
913,2.052321668,-0.008758222,-2.215298595,0.008571767,-1.225701583,-0.008758222
914,2.008192503,-0.00878754,-2.236222528,0.008591864,-1.230254982,-0.00878754
915,2.03186485,-0.008890386,-2.212389518,0.008412442,-1.233062063,-0.008890386
916,2.016792262,-0.008973416,-2.234245339,0.008620209,-1.244571953,-0.008973416
917,2.038935225,-0.00891347,-2.215815941,0.008587208,-1.227808334,-0.00891347
918,2.043527394,-0.008947884,-2.217899186,0.008362013,-1.220740413,-0.008947884
919,2.048404938,-0.008915084,-2.210029088,0.008432133,-1.199342721,-0.008915084
920,2.022694747,-0.008837203,-2.241759781,0.008404788,-1.242311139,-0.008837203
921,2.005318871,-0.008962836,-2.219475019,0.008481538,-1.227375593,-0.008962836
922,2.010225578,-0.008830134,-2.235770328,0.008584034,-1.242182914,-0.008830134
923,2.024328,-0.008944954,-2.253412488,0.008349684,-1.262496006,-0.008944954
924,2.0344243,-0.0088752,-2.18395103,0.008579986,-1.200239344,-0.0088752
925,2.017380581,-0.00876712,-2.252749752,0.008548314,-1.226877625,-0.00876712
926,2.025674626,-0.008811278,-2.232925805,0.008431699,-1.2241045,-0.008811278
927,2.028947886,-0.008924929,-2.186774345,0.008459463,-1.241898056,-0.008924929
928,2.010742871,-0.008689442,-2.226673249,0.008335616,-1.206097522,-0.008689442
929,2.018879047,-0.008877188,-2.161938713,0.008604517,-1.226378396,-0.008877188
930,2.017359692,-0.008975547,-2.264695123,0.008436449,-1.231619489,-0.008975547
931,2.047586358,-0.008747701,-2.193799004,0.008634023,-1.240475813,-0.008747701
932,2.016929194,-0.0088227,-2.235281836,0.008499042,-1.197455401,-0.0088227
933,2.066077795,-0.008890275,-2.228782268,0.008231793,-1.249620674,-0.008890275
934,2.037555409,-0.008921093,-2.224931635,0.008485534,-1.240705107,-0.008921093
935,2.044328258,-0.008987061,-2.220767524,0.008396415,-1.241970663,-0.008987061
936,1.989968231,-0.008786969,-2.228310581,0.008523112,-1.239508977,-0.008786969
937,2.030404829,-0.009032504,-2.179843629,0.0084142,-1.24776221,-0.009032504
938,2.048475797,-0.008870109,-2.236253656,0.008497041,-1.212005518,-0.008870109
939,2.006769719,-0.008846135,-2.229058756,0.008624714,-1.240846803,-0.008846135
940,2.017415242,-0.008885766,-2.224392244,0.00830119,-1.209419956,-0.008885766
941,2.021846642,-0.008764224,-2.255057573,0.008474246,-1.22919925,-0.008764224
942,2.046976425,-0.008781035,-2.203240217,0.008564295,-1.243902967,-0.008781035
943,2.015952133,-0.008943767,-2.237837601,0.008456502,-1.250476389,-0.008943767
944,1.995374844,-0.008708574,-2.222780635,0.008497755,-1.231232185,-0.008708574
945,2.004753173,-0.008911616,-2.177920277,0.008330269,-1.244766408,-0.008911616
946,2.034357831,-0.008891095,-2.234384499,0.008507431,-1.21629617,-0.008891095
947,2.019856349,-0.009090398,-2.205951313,0.008456994,-1.202427894,-0.009090398
948,1.985532583,-0.008843696,-2.201190615,0.008404042,-1.220216667,-0.008843696
949,2.077271108,-0.009090519,-2.2276374,0.008479331,-1.230557502,-0.009090519
950,2.067208973,-0.008839416,-2.18704143,0.008417458,-1.225737555,-0.008839416
951,2.077032688,-0.00890112,-2.212776826,0.008424309,-1.225205336,-0.00890112
952,2.021860977,-0.008884999,-2.227659956,0.008481292,-1.241959975,-0.008884999
953,2.039466371,-0.00881313,-2.229557692,0.008620937,-1.230071891,-0.00881313
954,2.009942334,-0.008990737,-2.203250727,0.008516113,-1.229036589,-0.008990737
955,2.012751087,-0.009043243,-2.246763512,0.00851478,-1.254473359,-0.009043243
956,2.03366282,-0.008807549,-2.238492575,0.008552791,-1.234344944,-0.008807549
957,2.023934692,-0.008883119,-2.217347419,0.008602604,-1.220698143,-0.008883119
958,1.981900141,-0.009015497,-2.207723048,0.008510067,-1.236734743,-0.009015497
959,1.986726066,-0.008966613,-2.222261716,0.008532235,-1.241574292,-0.008966613
960,2.038651393,-0.008727348,-2.247489947,0.008475862,-1.196461165,-0.008727348
961,2.027838427,-0.008896166,-2.204307609,0.008402672,-1.241323013,-0.008896166
962,2.051176187,-0.008896614,-2.245692538,0.008408738,-1.233532095,-0.008896614
963,2.036805725,-0.008883526,-2.230811379,0.008459665,-1.248758093,-0.008883526
964,2.023331807,-0.008898231,-2.227439628,0.008451706,-1.227701219,-0.008898231
965,2.006915831,-0.00875905,-2.21621444,0.008516494,-1.235609207,-0.00875905
966,2.013730042,-0.008806847,-2.26746408,0.008425519,-1.214143036,-0.008806847
967,2.0267232,-0.008888602,-2.241250889,0.008586817,-1.229926684,-0.008888602
968,2.031141595,-0.008876668,-2.233016646,0.008421192,-1.229491639,-0.008876668
969,2.023870565,-0.008872865,-2.218790581,0.008560221,-1.259822877,-0.008872865
970,2.060096567,-0.008747598,-2.209662458,0.008490732,-1.250162224,-0.008747598
971,2.010837037,-0.008844281,-2.219887894,0.008426981,-1.210344743,-0.008844281
972,2.021849267,-0.009001809,-2.210807644,0.008482168,-1.226324754,-0.009001809
973,2.012847854,-0.00884401,-2.203161077,0.008493314,-1.230877443,-0.00884401
974,2.03795854,-0.008780497,-2.234240352,0.008447652,-1.224884297,-0.008780497
975,2.016913744,-0.008920267,-2.218347729,0.00858397,-1.221592872,-0.008920267
976,1.982387545,-0.008793738,-2.242979542,0.008502081,-1.23397335,-0.008793738
977,2.053473306,-0.00889168,-2.189169027,0.008396571,-1.23938781,-0.00889168
978,1.991050748,-0.008812322,-2.241896888,0.008396105,-1.2274368,-0.008812322
979,2.009607463,-0.008971565,-2.207658629,0.008410644,-1.225934586,-0.008971565
980,2.029896124,-0.008903595,-2.240494416,0.008531632,-1.241956218,-0.008903595
981,2.026880282,-0.008934302,-2.261137722,0.00829432,-1.206008473,-0.008934302
982,2.030164285,-0.008836814,-2.247642528,0.008571746,-1.232118,-0.008836814
983,2.045653317,-0.008938374,-2.233548888,0.008423876,-1.241270707,-0.008938374
984,2.012878334,-0.008914988,-2.212037506,0.008510978,-1.224146795,-0.008914988
985,2.061393212,-0.008928157,-2.237699262,0.008438473,-1.230809837,-0.008928157
986,2.014719018,-0.008836849,-2.201867636,0.008483872,-1.233254512,-0.008836849
987,1.990634191,-0.008954903,-2.187524093,0.008533572,-1.198446503,-0.008954903
988,2.028944037,-0.008895403,-2.194867618,0.008351931,-1.228093337,-0.008895403
989,2.059990772,-0.008956817,-2.222821368,0.008506105,-1.241977692,-0.008956817
990,2.040217444,-0.008675656,-2.212315161,0.008521037,-1.241156765,-0.008675656
991,2.048878524,-0.008997888,-2.220951728,0.008431452,-1.231401387,-0.008997888
992,2.029162751,-0.008929533,-2.210717551,0.008439464,-1.201967958,-0.008929533
993,2.067378825,-0.008819892,-2.26779934,0.008438442,-1.224777868,-0.008819892
994,2.058154772,-0.008816555,-2.244292026,0.008442304,-1.229120899,-0.008816555
995,1.997592296,-0.008879653,-2.211815494,0.008502887,-1.240328004,-0.008879653
996,2.016577956,-0.009041586,-2.222108649,0.008447906,-1.222144721,-0.009041586
997,2.020078319,-0.008889677,-2.205768123,0.008420049,-1.232565706,-0.008889677
998,2.002526981,-0.008967116,-2.209271239,0.008552015,-1.219350306,-0.008967116
999,2.020929216,-0.008722276,-2.228361454,0.008286907,-1.248693338,-0.008722276
1000,1.977195011,-0.008854483,-2.177367996,0.008425781,-1.220248458,-0.008854483
