PI,Intervention,time0_measured_mean,time0_measured_min,time0_measured_max,Obs_mean_eff,eff_obs_min,eff_obs_max,Pred_1_eff,Pred_1_eff_min,Pred_1_eff_max,Pred_2_eff,Pred_2_eff_min,Pred_2_eff_max,Pred_3_eff,Pred_3_eff_min,Pred_3_eff_max,Pred_4_eff,Pred_4_eff_min,Pred_4_eff_max,Pred_5_eff,Pred_5_eff_min,Pred_5_eff_max,Pred_6_eff,Pred_6_eff_min,Pred_6_eff_max,intvn_colour,study_order,study_colour,study_symbol,time_months,location,Intervention,country,reps
Curtis,None,0.942,0.942,0.942,0.114649682,0.114649682,0.114649682,0.132515924,0.144412288,0.122256714,0.132428344,0.144141959,0.121562128,0.132325902,0.144715419,0.121391587,0.132782909,0.143654273,0.122117489,0.13261465,0.144175053,0.122821815,0.132421975,0.143785536,0.12209724,orange,2,darkred,2,2,East,None,Tanzania,1
Curtis,None,0.942,0.942,0.942,0.09447983,0.09447983,0.09447983,0.126859342,0.137028291,0.116898461,0.127213907,0.137851433,0.116617065,0.126834395,0.137792569,0.116068312,0.127203822,0.138313508,0.116369268,0.126783439,0.137852521,0.116535218,0.126856157,0.137534607,0.116543577,orange,2,darkred,2,5,East,None,Tanzania,1
Curtis,None,0.942,0.942,0.942,0.132696391,0.132696391,0.132696391,0.202951699,0.219503185,0.188348832,0.202447452,0.218205971,0.187952654,0.20291879,0.218054087,0.188535165,0.203722399,0.220205228,0.187392649,0.202455945,0.220444825,0.18724448,0.203033439,0.21758121,0.187785403,orange,2,darkred,2,8,East,None,Tanzania,1
Curtis,None,0.942,0.942,0.942,0.28343949,0.28343949,0.28343949,0.151890127,0.167446921,0.138073859,0.15162155,0.167939331,0.138782006,0.151625796,0.167416906,0.137700584,0.152380573,0.168294958,0.13753198,0.151989384,0.168058307,0.138583785,0.15171603,0.167334899,0.138329087,orange,2,darkred,2,11,East,None,Tanzania,1
Henry,None,0.84,0.777,0.903,0.18452381,0.141666667,0.227380952,0.057478571,0.041825327,0.073218333,0.05805119,0.041783006,0.073255268,0.058100595,0.041265357,0.073021637,0.057642262,0.041120804,0.074386667,0.058349405,0.043696756,0.074544643,0.058267262,0.043286161,0.073580208,grey,4,orange,4,48,West,None,Cote D'Ivoire,2
Marbiah,None,0.61,0.61,0.61,0.219672131,0.219672131,0.219672131,0.172636885,0.15013791,0.198455328,0.172644262,0.149760082,0.198305451,0.172520492,0.150251639,0.198412541,0.172693443,0.149760082,0.198237705,0.172537705,0.150351598,0.198304385,0.172958197,0.150251639,0.197794959,grey,7,darkgreen,6,15,West,None,Sierre Leone,3
Philips-Howard,None,0.75,0.75,0.75,0.314666667,0.314666667,0.314666667,0.080226667,0.049440667,0.1244869,0.072021333,0.0431538,0.115530467,0.075134,0.0443003,0.120277567,0.068112,0.040152967,0.1085014,0.078750667,0.048365933,0.123896367,0.074072,0.044496567,0.117908367,grey,8,darkblue,7,22,East,None,Kenya,4
Philips-Howard,None,0.75,0.75,0.75,0.478666667,0.478666667,0.478666667,0.621506667,0.583790767,0.672065167,0.499032667,0.4604645,0.551419933,0.545110667,0.505001333,0.5946469,0.44379,0.4006809,0.494886733,0.617377333,0.5784569,0.667165333,0.56139,0.5209155,0.612219333,grey,8,darkblue,7,40,East,None,Kenya,4
Nevill,None,0.251,0.251,0.251,-0.561752988,-0.561752988,-0.561752988,-0.601474104,-0.745999203,-0.258856773,-0.600932271,-0.75394243,-0.286425697,-0.596334661,-0.747990438,-0.28197988,-0.598282869,-0.752225498,-0.266911155,-0.597135458,-0.749608964,-0.285527888,-0.599482072,-0.751164542,-0.328132072,grey,13,black,12,20,East,None,Kenya,5
Nevill,None,0.251,0.251,0.251,-0.011952191,-0.011952191,-0.011952191,-0.404051793,-0.518660757,-0.129841235,-0.402832669,-0.524915936,-0.15128247,-0.40063745,-0.524566135,-0.148856972,-0.402115538,-0.525737849,-0.128146414,-0.402729084,-0.527092231,-0.151992829,-0.402800797,-0.530919522,-0.183356574,grey,13,black,12,24,East,None,Kenya,5
Nevill,None,0.251,0.251,0.251,0.541832669,0.541832669,0.541832669,-0.044820717,-0.160613147,0.198632072,-0.044796813,-0.171657371,0.178810757,-0.041414343,-0.164321912,0.182123904,-0.041653386,-0.168142032,0.200329084,-0.042139442,-0.166620717,0.182162151,-0.04547012,-0.168155378,0.14861255,grey,13,black,12,27,East,None,Kenya,5
D'Alessandro,None,0.395,0.395,0.395,0.070886076,0.070886076,0.070886076,0.069922785,0.025973165,0.110886456,0.043012658,0.000979557,0.085732658,0.036422785,-0.004561139,0.078478101,0.096270886,0.055991392,0.136424557,0.047707595,0.00804443,0.088691139,0.107210127,0.070893038,0.147243987,grey,3,red,3,1,West,Untreated Net,The Gambia,6
D'Alessandro,None,0.287,0.287,0.287,-0.149825784,-0.149825784,-0.149825784,-0.05965331,-0.113427265,-0.004905836,-0.095635889,-0.149052613,-0.045990418,-0.107494774,-0.165148693,-0.055478223,-0.023456446,-0.074967944,0.03181385,-0.091252613,-0.142630749,-0.035174303,-0.00466899,-0.059908014,0.047262718,grey,3,red,3,1,West,Untreated Net,The Gambia,7
D'Alessandro,None,0.342,0.342,0.342,0.245614035,0.245614035,0.245614035,-0.08325,-0.131640424,-0.037472149,-0.124600877,-0.175992398,-0.078236842,-0.138061404,-0.189863743,-0.090348904,-0.041181287,-0.08985,0.004809357,-0.119530702,-0.164060599,-0.069452558,-0.020020468,-0.067194444,0.026600804,grey,3,red,3,1,West,Untreated Net,The Gambia,8
D'Alessandro,None,0.573,0.573,0.573,0.069808028,0.069808028,0.069808028,0.022470332,-0.006358028,0.051119023,0.009950262,-0.018541012,0.039711736,0.006213787,-0.024085253,0.032442845,0.033921466,0.005366099,0.061186387,0.010967714,-0.01870048,0.042072949,0.039609948,0.010648866,0.06876671,grey,3,red,3,1,West,Untreated Net,The Gambia,9
D'Alessandro,None,0.712,0.712,0.712,0.372191011,0.372191011,0.372191011,0.02816573,0.00541401,0.048881004,0.0211875,-0.001528968,0.042163869,0.020251404,-0.002461798,0.040792135,0.036839888,0.016308954,0.059547928,0.024325843,0.002105899,0.044933322,0.039327949,0.018095646,0.061973771,grey,3,red,3,1,West,Untreated Net,The Gambia,10
Curtis,CTN,0.957,0.957,0.957,0.121212121,0.121212121,0.121212121,0.183501567,0.196250104,0.17067918,0.183188088,0.197043887,0.171759666,0.183340125,0.196956061,0.170778239,0.183251829,0.196488192,0.170066536,0.182965517,0.196611625,0.170240125,0.183385057,0.196840361,0.169578213,darkred,2,darkred,2,2,East,CTN,Tanzania,11
Curtis,CTN,0.957,0.957,0.957,0.172413793,0.172413793,0.172413793,0.18785371,0.202396656,0.174650549,0.187701149,0.20262453,0.174560684,0.188187043,0.202567712,0.173818156,0.187494253,0.201573119,0.174484587,0.187923197,0.202402821,0.173902612,0.188092999,0.201874242,0.174317894,darkred,2,darkred,2,5,East,CTN,Tanzania,11
Curtis,CTN,0.957,0.957,0.957,0.233019854,0.233019854,0.233019854,0.309525601,0.326501385,0.293166693,0.309180773,0.326816536,0.293590361,0.308980669,0.326452168,0.292320664,0.308957158,0.326417633,0.293242659,0.308959248,0.326112435,0.291865831,0.309288924,0.32725687,0.2928186,darkred,2,darkred,2,8,East,CTN,Tanzania,11
Curtis,CTN,0.957,0.957,0.957,0.369905956,0.369905956,0.369905956,0.275354754,0.293352116,0.256349216,0.274946186,0.294415831,0.256842685,0.275048589,0.294655094,0.256535319,0.274433124,0.294477325,0.256929101,0.274579937,0.293122571,0.255507341,0.274775862,0.294995794,0.256321238,darkred,2,darkred,2,11,East,CTN,Tanzania,11
D'Alessandro,ITN,0.395,0.395,0.395,0.286075949,0.286075949,0.286075949,0.475931646,0.434850316,0.509249684,0.401024051,0.361313418,0.439973481,0.430134177,0.394206962,0.468871266,0.356991139,0.316838608,0.395500253,0.472202532,0.436505823,0.507663291,0.432859494,0.392393228,0.470217848,darkred,3,red,3,1,West,CTN,The Gambia,12
D'Alessandro,ITN,0.287,0.287,0.287,0.205574913,0.205574913,0.205574913,0.47060453,0.422299564,0.514128397,0.38684669,0.336763066,0.432572474,0.419571429,0.36872439,0.464330314,0.32828223,0.283979094,0.376458101,0.467879791,0.421738066,0.512833624,0.423162021,0.375868641,0.46981324,darkred,3,red,3,1,West,CTN,The Gambia,13
D'Alessandro,ITN,0.342,0.342,0.342,0.535087719,0.535087719,0.535087719,0.49145614,0.454264108,0.531112281,0.408592105,0.364697076,0.450319006,0.441593567,0.400255409,0.481751754,0.355002924,0.311690716,0.400576535,0.489288012,0.449789035,0.527227851,0.448019006,0.405727632,0.489123099,darkred,3,red,3,1,West,CTN,The Gambia,14
D'Alessandro,ITN,0.573,0.573,0.573,0.247818499,0.247818499,0.247818499,0.245557592,0.212221161,0.277220375,0.196081152,0.165140707,0.229809468,0.213348168,0.181649738,0.247553665,0.172554101,0.141442321,0.202101702,0.242195462,0.210914529,0.276385428,0.218619546,0.185390794,0.250090532,darkred,3,red,3,1,West,CTN,The Gambia,15
D'Alessandro,ITN,0.712,0.712,0.712,0.002808989,0.002808989,0.002808989,0.178753511,0.153071348,0.206428265,0.143956461,0.119029986,0.167544874,0.156589185,0.131697753,0.181013588,0.128322331,0.103918996,0.15343894,0.17696559,0.153288413,0.202819417,0.160746489,0.136065344,0.18240481,darkred,3,red,3,1,West,CTN,The Gambia,16
Henry,ITN,0.8,0.728,0.872,0.2925,0.2475,0.3375,0.426378125,0.392781625,0.459001188,0.4255,0.393062281,0.460216375,0.427305625,0.391431406,0.456604344,0.426459375,0.389836688,0.457486813,0.426255625,0.390588906,0.456395469,0.426390625,0.391368188,0.458624781,darkred,4,orange,4,48,West,CTN,Cote D'Ivoire,17
Marbiah,ITN,0.61,0.61,0.61,0.43442623,0.43442623,0.43442623,0.341313934,0.320058893,0.362487295,0.318494262,0.296857336,0.341849016,0.327363934,0.307885328,0.349672951,0.306440164,0.285558279,0.329759713,0.340344262,0.319032459,0.364158525,0.330645082,0.309355533,0.353923033,darkred,7,darkgreen,6,15,West,CTN,Sierre Leone,18
Philips-Howard,ITN,0.75,0.75,0.75,0.566666667,0.566666667,0.566666667,0.650546,0.610248333,0.699757267,0.524704667,0.485918467,0.579065933,0.571228667,0.533277,0.619226133,0.46176,0.4269719,0.514206533,0.647564,0.606273067,0.6914966,0.585409333,0.5473384,0.636219233,darkred,8,darkblue,7,22,East,CTN,Kenya,19
Philips-Howard,ITN,0.75,0.75,0.075,0.549333333,0.549333333,0.549333333,0.705158667,0.664694067,0.7541635,0.576966667,0.5378254,0.625643367,0.623366,0.583105333,0.672665167,0.514536,0.476403033,0.566655167,0.701074667,0.663495367,0.745091833,0.641725333,0.604107367,0.6929326,darkred,8,darkblue,7,40,East,CTN,Kenya,19
Nevill,ITN,0.251,0.251,0.251,0.330677291,0.330677291,0.330677291,0.086494024,-0.120538645,0.411274104,0.093633466,-0.125747112,0.395478785,0.085585657,-0.120792829,0.405866235,0.086482072,-0.141370916,0.440035857,0.090545817,-0.125600896,0.443015538,0.08247012,-0.115997709,0.406275199,darkred,13,black,12,20,East,CTN,Kenya,20
Nevill,ITN,0.251,0.251,0.251,0.521912351,0.521912351,0.521912351,0.199926295,0.026643028,0.492099203,0.204547809,0.023692629,0.478401594,0.199199203,0.029021414,0.488165538,0.198876494,0.010353486,0.509910757,0.202384462,0.022184064,0.515291733,0.196876494,0.029888546,0.485336554,darkred,13,black,12,24,East,CTN,Kenya,20
Nevill,ITN,0.251,0.251,0.251,0.689243028,0.689243028,0.689243028,0.414567729,0.275068327,0.641027809,0.419324701,0.272179582,0.629414044,0.414326693,0.277250598,0.638043526,0.41535259,0.262626494,0.651025127,0.418203187,0.267508865,0.658568924,0.41387251,0.279392331,0.635146243,darkred,13,black,12,27,East,CTN,Kenya,20
Curtis,IRS,0.884,0.884,0.884,0.13800905,0.13800905,0.13800905,0.277821833,0.29753552,0.259722709,0.277790724,0.296512161,0.25856612,0.278299208,0.297541883,0.259325452,0.278145928,0.295828988,0.259225311,0.278778281,0.296326584,0.259668835,0.278743778,0.297371606,0.259302602,black,2,darkred,2,2,East,CTN + pyr-IRS,Tanzania,21
Curtis,IRS,0.884,0.884,0.884,0.093891403,0.093891403,0.093891403,0.308997738,0.345098784,0.276337868,0.309996041,0.342316968,0.273175396,0.30981957,0.345530515,0.274592704,0.309071833,0.343875679,0.275045701,0.310565611,0.344004044,0.276155373,0.309648756,0.344899576,0.274786878,black,2,darkred,2,5,East,CTN + pyr-IRS,Tanzania,21
Curtis,IRS,0.884,0.884,0.884,0.174208145,0.174208145,0.174208145,0.455831448,0.489997455,0.423619429,0.45566629,0.486865271,0.422635888,0.456257919,0.48973866,0.424690894,0.455048643,0.48868405,0.424600679,0.456846719,0.489439791,0.424510351,0.456489253,0.490566346,0.425331137,black,2,darkred,2,8,East,CTN + pyr-IRS,Tanzania,21
Curtis,IRS,0.884,0.884,0.884,0.279411765,0.279411765,0.279411765,0.585360294,0.61825871,0.553905317,0.585514706,0.618641431,0.553568863,0.586238688,0.620254412,0.554379525,0.585848982,0.619469089,0.550801527,0.586751697,0.619232042,0.551840696,0.585904977,0.618454977,0.551889932,black,2,darkred,2,11,East,CTN + pyr-IRS,Tanzania,21
Kafy,ITN,0.07,0.07,0.07,0.285714286,0.714285714,-0.428571429,0.597385,0.461869386,0.718102386,0.600756429,0.467726386,0.7173311,0.605647857,0.464533143,0.719882571,0.598996429,0.4661535,0.723404529,0.600108571,0.4638031,0.715713814,0.602335,0.468174886,0.717873571,darkred,5,blue,5,21,,ITN,Sudan,23
Kafy,ITN,0.07,0.07,0.07,0.285714286,0.571428571,-0.285714286,0.700771429,0.579204143,0.806491243,0.70422,0.569259886,0.813704386,0.703634286,0.5734551,0.816911,0.701766429,0.553581743,0.8179271,0.697681429,0.574461957,0.814172429,0.702817143,0.5754945,0.804442457,darkred,5,blue,5,33,,ITN,Sudan,23
Protopopoff,ITN,0.68,0.68,0.68,0.183823529,0.183823529,0.183823529,-0.111877941,-0.141227831,-0.066401765,0.069147794,0.016009081,0.135166544,-0.059023529,-0.101531581,-0.00034739,0.123247794,0.06553125,0.187800404,-0.138238971,-0.162783088,-0.099170772,-0.0400875,-0.080387463,0.014455221,darkred,9,green,8,4,East,ITN,Tanzania,24
Protopopoff,ITN,0.68,0.68,0.68,0.186764706,0.186764706,0.186764706,0.049114706,0.009924779,0.106789338,0.269030882,0.210365588,0.339837794,0.128619853,0.077474081,0.194216985,0.310451471,0.248415184,0.379820478,0.019351471,-0.020006434,0.074436801,0.098098529,0.052991875,0.15895011,darkred,9,green,8,9,East,ITN,Tanzania,24
Protopopoff,ITN,0.68,0.68,0.68,0.220588235,0.220588235,0.220588235,-0.155477941,-0.178452941,-0.118803456,-0.070236029,-0.108360882,-0.014221287,-0.127633088,-0.155725441,-0.086982978,-0.054186765,-0.093702757,0.004893713,-0.163079412,-0.183926949,-0.129351213,-0.145514706,-0.169664743,-0.109689926,darkred,9,green,8,16,East,ITN,Tanzania,24
Protopopoff,ITN,0.68,0.68,0.68,0,0,0,-0.001061029,-0.035177206,0.046200294,0.101517647,0.053514044,0.161293162,0.036519118,-0.004805331,0.088635846,0.111581618,0.064064301,0.17397739,-0.006529412,-0.042412463,0.045062574,0.006134559,-0.030145662,0.057480037,darkred,9,green,8,21,East,ITN,Tanzania,24
Protopopoff,ITN,0.68,0.68,0.68,-0.216176471,-0.216176471,-0.216176471,-0.170536765,-0.189555919,-0.138248971,-0.129869853,-0.157376581,-0.088879926,-0.156769853,-0.178662721,-0.121135515,-0.124969853,-0.152776912,-0.082705478,-0.173013235,-0.193134375,-0.141952353,-0.166969853,-0.188537059,-0.135129044,darkred,9,green,8,28,East,ITN,Tanzania,24
Protopopoff,ITN,0.68,0.68,0.68,0.047058824,0.047058824,0.047058824,-0.011430882,-0.046284412,0.036663382,0.033204412,-0.0057375,0.089264412,0.003097794,-0.033222022,0.053545919,0.037538971,-0.003219596,0.095968419,-0.0120125,-0.045944007,0.037541985,-0.010358824,-0.044889559,0.035089485,darkred,9,green,8,33,East,ITN,Tanzania,24
West,ITN,0.246,0.17,0.343,0.06504065,-0.390243902,0.37398374,-0.186979675,-0.27908252,-0.085740447,0.092495935,0.009787907,0.181283232,-0.010876016,-0.103576423,0.088573272,0.098020325,0.016991159,0.182175203,-0.237810976,-0.337582927,-0.059372053,-0.121067073,-0.205372053,-0.019256707,darkred,10,gold2,9,11,East,ITN,Tanzania,25
West,ITN,0.246,0.17,0.343,-0.219512195,-0.764227642,0.178861789,-0.297162602,-0.392081707,-0.185820427,-0.063865854,-0.153433232,0.023894207,-0.152065041,-0.245112602,-0.056823577,-0.059166667,-0.151878862,0.022479065,-0.330941057,-0.43255752,-0.192163313,-0.247845528,-0.330260366,-0.148019207,darkred,10,gold2,9,15,East,ITN,Tanzania,25
West,ITN,0.246,0.17,0.343,0.024390244,-0.581300813,0.422764228,-0.077802846,-0.159564939,0.012875711,0.086601626,0.007591667,0.162634045,0.020558943,-0.06057561,0.103561077,0.08901626,0.010175813,0.169001118,-0.098164634,-0.1877375,0.007133638,-0.04777439,-0.119750711,0.04319685,darkred,10,gold2,9,19,East,ITN,Tanzania,25
Chaccour,ITN,0.44,0.44,0.44,0.022727273,0.022727273,0.022727273,0.086431818,0.003986818,0.281879432,0.086740909,-0.000544432,0.266152614,0.089363636,0.002850909,0.26868875,0.088252273,0.000435,0.277284773,0.088906818,0.001927614,0.266664773,0.087568182,0.001040227,0.242361023,darkred,11,grey,10,17,East,ITN,Mozambique,26
Staedke,ITN,0.237,0.128,0.42,0.388185654,0.388185654,0.388185654,0.174660338,0.020650422,0.345032278,0.396147679,0.277800844,0.525137553,0.258877637,0.10906097,0.414914873,0.421683544,0.311565295,0.541967827,0.093135021,-0.067876371,0.267842089,0.292101266,0.155317616,0.441199789,darkred,12,aquamarine1,11,12,East,ITN,Uganda,27
Staedke,ITN,0.237,0.128,0.42,0.451476793,0.451476793,0.451476793,0.107805907,-0.058329958,0.294364768,0.498276371,0.377765612,0.620211042,0.260196203,0.091147679,0.431154958,0.524097046,0.408345992,0.636208038,0.020626582,-0.149381435,0.199397152,0.221261603,0.062569093,0.3934173,darkred,12,aquamarine1,11,18,East,ITN,Uganda,27
Staedke,ITN,0.237,0.128,0.42,0.4092827,0.4092827,0.4092827,0.012255274,-0.149086287,0.204656435,0.417900844,0.27329789,0.570444937,0.165223629,-0.012229852,0.354646519,0.441097046,0.299929008,0.58206503,-0.040742616,-0.20810538,0.146880802,0.083795359,-0.079525844,0.264803692,darkred,12,aquamarine1,11,24,East,ITN,Uganda,27
Bradley,ITN_IRS,0.184,0.127,0.259,-0.260869565,-0.755434783,0.130434783,0.229027174,0.097121332,0.377493207,0.231220109,0.110633696,0.372523641,0.230008152,0.114263587,0.368389402,0.233964674,0.100113995,0.376453125,0.230002717,0.092736957,0.372855027,0.232970109,0.106400679,0.36263356,aquamarine3,14,pink,13,3,West,ITN + ben-IRS,"Bioko, Eq.Guinea",29
Protopopoff,ITN_IRS,0.67,0.67,0.67,0.423880597,0.423880597,0.423880597,0.211587313,0.178176082,0.249136455,0.26856791,0.231370933,0.30686459,0.238402985,0.201393843,0.275977948,0.249197015,0.209879216,0.294594478,0.207614925,0.176699851,0.243228284,0.193090299,0.149904254,0.241614851,aquamarine3,9,green,8,4,East,ITN + op-IRS,Tanzania,30
Protopopoff,ITN_IRS,0.67,0.67,0.67,0.605970149,0.605970149,0.605970149,0.554508209,0.514516828,0.593327537,0.596985821,0.558065037,0.633213209,0.579380597,0.540848694,0.615974851,0.565090299,0.516432687,0.606339478,0.558507463,0.521581231,0.594696716,0.519619403,0.470492164,0.570076157,aquamarine3,9,green,8,9,East,ITN + op-IRS,Tanzania,30
Protopopoff,ITN_IRS,0.67,0.67,0.67,0.404477612,0.404477612,0.404477612,-0.078354478,-0.115293246,-0.030805858,0.026347761,-0.025807015,0.090855784,-0.042484328,-0.085970597,0.012829142,0.033258955,-0.019586791,0.098052649,-0.083984328,-0.11738959,-0.039121567,-0.071908209,-0.109245746,-0.025698918,aquamarine3,9,green,8,16,East,ITN + op-IRS,Tanzania,30
Protopopoff,ITN_IRS,0.67,0.67,0.67,0.17761194,0.17761194,0.17761194,0.019809701,-0.019251828,0.06855791,0.119764925,0.072576306,0.177276343,0.056102239,0.011984104,0.105997351,0.12929403,0.077484366,0.186417687,0.015216418,-0.022164515,0.061337351,0.02623806,-0.012159701,0.075240037,aquamarine3,9,green,8,21,East,ITN + op-IRS,Tanzania,30
Kafy,ITN_IRS,0.1,0.1,0.1,0.6,0.8,0.3,0.712267,0.61425325,0.7933435,0.712419,0.60968972,0.79853827,0.7106955,0.6089797,0.79451027,0.7137915,0.6046123,0.7941614,0.7117205,0.61239882,0.7996265,0.708854,0.60843242,0.79325782,aquamarine3,5,blue,5,21,,ITN + pyr/ben-IRS,Sudan,31
Kafy,ITN_IRS,0.1,0.1,0.1,0.7,0.8,0.5,0.8703565,0.79373677,0.9259185,0.8699095,0.8015155,0.92605458,0.868785,0.7846664,0.92921424,0.8709775,0.79016542,0.92440052,0.8684965,0.79591822,0.92966039,0.8687755,0.79715887,0.92807692,aquamarine3,5,blue,5,33,,ITN + pyr/ben-IRS,Sudan,31
West,ITN_IRS,0.21,0.138,0.305,0.352380952,-0.019047619,0.604761905,0.223716667,0.129577143,0.320954643,0.40272619,0.31586881,0.488867976,0.334459524,0.244304167,0.426680595,0.293188095,0.194284048,0.382136786,0.173407143,0.072380238,0.267694405,0.282585714,0.187467024,0.370456429,aquamarine3,10,gold2,9,11,East,ITN + pyr/ben-IRS,Tanzania,32
West,ITN_IRS,0.21,0.138,0.305,0.395238095,0,0.647619048,0.382316667,0.292484167,0.471173452,0.495495238,0.408790952,0.581098129,0.453057143,0.365131071,0.537163905,0.387845238,0.285892976,0.472573571,0.34977381,0.248488214,0.43094131,0.418040476,0.324189762,0.500871786,aquamarine3,10,gold2,9,15,East,ITN + pyr/ben-IRS,Tanzania,32
West,ITN_IRS,0.21,0.138,0.305,0.361904762,-0.114285714,0.652380952,0.260254762,0.154100595,0.372345,0.36825,0.255059405,0.482958452,0.319619048,0.205578571,0.432038333,0.226154762,0.104473929,0.339192857,0.235052381,0.120177262,0.336762619,0.28632619,0.178216071,0.39493119,aquamarine3,10,gold2,9,19,East,ITN + pyr/ben-IRS,Tanzania,32
Bradley,ITN_IRS,0.175,0.123,0.243,0.04,-0.411428571,0.365714286,0.107365714,-0.040448714,0.263001,0.097082857,-0.047563143,0.268838714,0.097497143,-0.044652857,0.262645429,0.099862857,-0.046583857,0.255384857,0.3201,0.146387143,0.501464126,0.095922857,-0.039613143,0.262499286,aquamarine3,14,pink,13,3,West,ITN + pyr-IRS,"Bioko, Eq.Guinea",33
Abuaku,ITN_IRS,0.524,0.5,0.547,0.089694656,0.047709924,0.131679389,0.001946565,-0.079372567,0.084586021,0.003792939,-0.072699141,0.083965124,0.000825382,-0.0775125,0.087998378,0.00039313,-0.078919752,0.085791746,-0.000254771,-0.076255964,0.087135639,0.002197519,-0.076844609,0.088430344,aquamarine3,15,yellow,14,17,West,ITN+pyr/op-IRS,Ghana,34
Abuaku,ITN_IRS,0.524,0.5,0.547,0.519083969,0.480916031,0.553435115,0.452043893,0.368908349,0.528026574,0.456344466,0.365628197,0.532635878,0.452803435,0.367026861,0.53213292,0.455194656,0.366634685,0.531250477,0.453152672,0.365675095,0.530537023,0.455541985,0.367461927,0.531855916,aquamarine3,15,yellow,14,23,West,ITN+pyr/op-IRS,Ghana,34
Abuaku,ITN_IRS,0.524,0.5,0.547,0.606870229,0.562977099,0.648854962,0.354474237,0.292729532,0.424112214,0.358723282,0.290413931,0.424798569,0.355673664,0.289538168,0.421859351,0.357598282,0.285638693,0.423691555,0.355292939,0.285068273,0.421678817,0.355160305,0.289866126,0.42544146,aquamarine3,15,yellow,14,29,West,ITN+pyr/op-IRS,Ghana,34
Abuaku,ITN_IRS,0.524,0.5,0.547,0.868320611,0.845419847,0.88740458,0.707170802,0.671543702,0.742115887,0.709209924,0.670516603,0.744778578,0.708375,0.669989981,0.746394084,0.709611641,0.67133187,0.744605916,0.706927481,0.671529485,0.74414084,0.707854008,0.669912023,0.743178006,aquamarine3,15,yellow,14,35,West,ITN+pyr/op-IRS,Ghana,34
Abuaku,ITN_IRS,0.524,0.5,0.547,0.576335878,0.532442748,0.616412214,0.397835878,0.337117987,0.45730625,0.400417939,0.338355153,0.459322281,0.396590649,0.330081823,0.456941889,0.396660305,0.336125573,0.452565601,0.396352099,0.336764647,0.453808111,0.397162214,0.334853244,0.453562071,aquamarine3,15,yellow,14,41,West,ITN+pyr/op-IRS,Ghana,34
Protopopoff,PBO_ITN,0.61,0.61,0.61,0.249180328,0.249180328,0.249180328,-0.00292459,-0.082297582,0.120071803,0.238736885,0.165707664,0.33404,0.136101639,0.050527213,0.249043238,0.224896721,0.14795209,0.324005369,-0.044964754,-0.124595738,0.072919918,-0.011852459,-0.088305328,0.10263959,blue,9,green,8,4,East,PBO-ITN,Tanzania,35
Protopopoff,PBO_ITN,0.61,0.61,0.61,0.490163934,0.490163934,0.490163934,0.151709836,0.070940451,0.276455205,0.472581967,0.392932582,0.569559877,0.32639918,0.229362787,0.44414377,0.453360656,0.367579016,0.550798852,0.120014754,0.041130492,0.237058484,0.147134426,0.068695328,0.258434221,blue,9,green,8,9,East,PBO-ITN,Tanzania,35
Protopopoff,PBO_ITN,0.61,0.61,0.61,0.429508197,0.429508197,0.429508197,-0.208977049,-0.257326025,-0.11966791,-0.015311475,-0.100639467,0.124332254,-0.135444262,-0.202203975,-0.021930451,-0.023044262,-0.10827709,0.11393709,-0.216412295,-0.265406434,-0.129406803,-0.203338525,-0.252322459,-0.114790574,blue,9,green,8,16,East,PBO-ITN,Tanzania,35
Protopopoff,PBO_ITN,0.61,0.61,0.61,0.247540984,0.247540984,0.247540984,-0.023152459,-0.083953402,0.076391434,0.151914754,0.07090709,0.27502791,0.048268852,-0.025725861,0.156534672,0.147657377,0.069593607,0.26402168,-0.028284426,-0.090116352,0.070359344,-0.015733607,-0.076085,0.089928197,blue,9,green,8,21,East,PBO-ITN,Tanzania,35
Staedke,PBO_ITN,0.251,0.072,0.417,0.573705179,0.573705179,0.573705179,0.412354582,0.298438247,0.533578685,0.526071713,0.427263347,0.624652518,0.523515936,0.430190239,0.624399761,0.47687251,0.372872211,0.592484462,0.255075697,0.114967032,0.405526992,0.394089641,0.275857271,0.519531275,blue,12,aquamarine1,11,12,East,PBO-ITN,Uganda,36
Staedke,PBO_ITN,0.251,0.072,0.417,0.577689243,0.577689243,0.577689243,0.388780876,0.253535956,0.52626006,0.695158765,0.610552092,0.774024622,0.692717729,0.614206402,0.772773255,0.56662749,0.444878287,0.68186241,0.208928287,0.066597809,0.366203884,0.371410359,0.241516335,0.512985359,blue,12,aquamarine1,11,18,East,PBO-ITN,Uganda,36
Staedke,PBO_ITN,0.251,0.072,0.417,0.529880478,0.529880478,0.529880478,0.222533865,0.071051892,0.39117241,0.658288645,0.542095817,0.764218315,0.655544622,0.54714761,0.766952749,0.444193227,0.289811952,0.597626494,0.112073705,-0.039763247,0.283605179,0.225737052,0.080475996,0.390824303,blue,12,aquamarine1,11,24,East,PBO-ITN,Uganda,36
Protopopoff,PBO_ITN_IRS,0.64,0.64,0.64,0.4140625,0.4140625,0.4140625,0.34434375,0.278798828,0.459430469,0.39553125,0.336345039,0.500182969,0.375548438,0.31288793,0.481949492,0.38459375,0.321457148,0.491952617,0.335626563,0.271594219,0.450666641,0.304842188,0.231505391,0.429549141,purple,9,green,8,4,East,PBO-ITN + op-IRS,Tanzania,37
Protopopoff,PBO_ITN_IRS,0.64,0.64,0.64,0.553125,0.553125,0.553125,0.65994375,0.605028438,0.735128555,0.704249219,0.658959844,0.763515977,0.687329688,0.636310156,0.752303516,0.689439063,0.641234102,0.754833125,0.657830469,0.603645273,0.729187344,0.62215,0.557178242,0.709438086,purple,9,green,8,9,East,PBO-ITN + op-IRS,Tanzania,37
Protopopoff,PBO_ITN_IRS,0.64,0.64,0.64,0.5453125,0.5453125,0.5453125,0.067465625,-0.038775625,0.298827813,0.314850781,0.170258086,0.549024883,0.176627344,0.04565832,0.406312305,0.293221094,0.154706328,0.519441406,0.057009375,-0.04525582,0.283682109,0.065799219,-0.035635156,0.287170586,purple,9,green,8,16,East,PBO-ITN + op-IRS,Tanzania,37
Protopopoff,PBO_ITN_IRS,0.64,0.64,0.64,0.3171875,0.3171875,0.3171875,0.138913281,0.05518707,0.309632383,0.321964063,0.214051367,0.515707813,0.214070313,0.11914957,0.394802891,0.318088281,0.21099918,0.502624766,0.132360938,0.049134219,0.301879219,0.14744375,0.060960703,0.314637461,purple,9,green,8,21,East,PBO-ITN + op-IRS,Tanzania,37
Chaccour,ITN_IRS,0.43,0.43,0.43,0.209302326,0.209302326,0.209302326,0.466767442,0.34591814,0.656348372,0.470934884,0.342877849,0.647128314,0.466237209,0.345769767,0.653191686,0.466760465,0.333757907,0.673137209,0.469132558,0.342963198,0.674876512,0.464418605,0.348568779,0.653430407,aquamarine3,11,grey,10,17,East,PBO-ITN + op-IRS,Mozambique,38
